{
    "train": [
        0.003441551742145797,
        0.01759475345990133,
        0.019607425839249685,
        0.020755606303623882,
        0.028157360600184908,
        0.026857362664754317,
        0.033920428128424975,
        0.037914429231642545,
        0.053173809691824926,
        0.07355728313074122,
        0.12301933910302187,
        0.17942448377652767,
        0.20941328048750152,
        0.23387543082281292,
        0.256880652904951,
        0.2606125319008464,
        0.26531466810076704,
        0.2921678245071994,
        0.31039642334028356,
        0.3285779440407371,
        0.34772823810621245,
        0.3514663267140006,
        0.35587341215970847,
        0.3571439817552167,
        0.36719528436704457,
        0.3772378396992284,
        0.3929808354382107,
        0.4058798253540586,
        0.409911540747125,
        0.41348372142194256
    ],
    "valid": [
        0.01010446972227373,
        0.018038820066937758,
        0.016587800867204308,
        0.02440209960121575,
        0.028670846064598382,
        0.028014934528687953,
        0.037229838330923574,
        0.042642693794904,
        0.05491641797292381,
        0.10132366188608469,
        0.13244494771624543,
        0.20386789083520576,
        0.1923044651750725,
        0.23374592781106188,
        0.23882955193558886,
        0.24011343479195787,
        0.24727539811322324,
        0.2780159640316092,
        0.28479086160698763,
        0.30789338588753085,
        0.30630351543465,
        0.31208682298698764,
        0.310197051689404,
        0.30991585165299745,
        0.32573688209094376,
        0.3212256123455226,
        0.33822425484694385,
        0.3345847165588274,
        0.33825630009836627,
        0.33762450955611883
    ]
}