{
    "train": {
        "loss": [
            2.6740474319458007,
            2.1880293464660645,
            1.9527396547794342,
            1.725820404291153,
            1.515603436231613,
            1.3160384166240693,
            1.1309652435779571,
            0.9532212775945663,
            0.785517737865448,
            0.6206567019224167,
            0.47098778396844865,
            0.3316116140782833,
            0.2026810272037983,
            0.09208793714642524,
            -0.014020717740058898,
            -0.09161466747522354,
            -0.15860542207956313,
            -0.22756327688694,
            -0.28846551045775415,
            -0.34473793253302576,
            -0.39335256040096284,
            -0.429303175508976,
            -0.46265804827213286,
            -0.48032027840614316,
            -0.5070871043205262,
            -0.5387054091691971,
            -0.5632541730999947,
            -0.5863834685087204,
            -0.6065000078082085,
            -0.6214306208491326,
            []
        ],
        "dice_loss": [
            -0.013410783233121037,
            -0.01509895572438836,
            -0.015269282162189484,
            -0.016298206932842733,
            -0.020424587149173022,
            -0.026254435386508703,
            -0.03285457877442241,
            -0.04333679299801588,
            -0.06015123844146728,
            -0.09885392554104327,
            -0.13413877733051777,
            -0.17530165389180183,
            -0.22448630198836328,
            -0.2709150366485119,
            -0.32291279852390287,
            -0.3589820683002472,
            -0.3915664553642273,
            -0.429690403342247,
            -0.467379555106163,
            -0.5029443830251694,
            -0.5360760217905045,
            -0.5593520799279212,
            -0.5813993874192238,
            -0.591868389248848,
            -0.6101327615976334,
            -0.633746231496334,
            -0.652087827026844,
            -0.6696478050947189,
            -0.6850546431541443,
            -0.6963157337903977,
            []
        ],
        "bce_loss": [
            2.6874582076072695,
            2.2031283020973205,
            1.968008940219879,
            1.742118616104126,
            1.5360280275344849,
            1.3422928524017335,
            1.1638198232650756,
            0.9965580707788467,
            0.845668974518776,
            0.7195106261968612,
            0.6051265621185302,
            0.5069132685661316,
            0.42716733008623126,
            0.3630029737949371,
            0.308892080783844,
            0.26736740082502364,
            0.23296103328466417,
            0.2021271266043186,
            0.17891404584050177,
            0.15820644930005073,
            0.14272346168756486,
            0.1300489042699337,
            0.1187413390725851,
            0.11154811143875122,
            0.10304565668106079,
            0.095040820017457,
            0.08883365511894226,
            0.08326433710753918,
            0.07855463564395905,
            0.07488511335104704,
            []
        ]
    },
    "valid": {
        "loss": [
            2.3310023069381716,
            2.06445232629776,
            1.8390206575393677,
            1.6197851359844209,
            1.4142136514186858,
            1.2225532531738281,
            1.0441131293773651,
            0.8745979070663452,
            0.7128380686044693,
            0.5658968299627304,
            0.43176585882902146,
            0.296554896235466,
            0.2088719591498375,
            0.10031552836298943,
            0.025662446022033693,
            -0.03611748665571213,
            -0.09844756200909614,
            -0.14881213307380675,
            -0.19643232524394988,
            -0.23616358190774916,
            -0.2637237422168255,
            -0.29788394570350646,
            -0.3036736823618412,
            -0.32569569125771525,
            -0.35302614271640775,
            -0.35584005564451215,
            -0.3795313909649849,
            -0.3742876201868057,
            -0.39000130295753477,
            -0.3954064533114433,
            []
        ],
        "dice_loss": [
            -0.012414206843823194,
            -0.013243547640740871,
            -0.013789711566641927,
            -0.01620887597091496,
            -0.022429602686315775,
            -0.028019156027585267,
            -0.03650566041469574,
            -0.04571954421699047,
            -0.07317603640258312,
            -0.09999387226998806,
            -0.12977011688053608,
            -0.17623912841081618,
            -0.20132727026939393,
            -0.24693578258156776,
            -0.2792310267686844,
            -0.3038534581661224,
            -0.3342627421021461,
            -0.3601836547255516,
            -0.39132591634988784,
            -0.41122726500034334,
            -0.4280720606446266,
            -0.45107740461826323,
            -0.4514914840459824,
            -0.4670183718204498,
            -0.48427664637565615,
            -0.4860882520675659,
            -0.504515090584755,
            -0.5005099922418594,
            -0.5112648159265518,
            -0.5175367340445518,
            []
        ],
        "bce_loss": [
            2.3434165120124817,
            2.077695882320404,
            1.8528103709220887,
            1.6359940052032471,
            1.436643248796463,
            1.250572419166565,
            1.0806187987327576,
            0.9203174501657486,
            0.7860141038894654,
            0.6658907055854797,
            0.5615359783172608,
            0.4727940246462822,
            0.4101992294192314,
            0.3472513109445572,
            0.3048934727907181,
            0.2677359715104103,
            0.23581518009305,
            0.21137152165174483,
            0.19489359110593796,
            0.17506368532776834,
            0.1643483206629753,
            0.1531934566795826,
            0.14781780242919923,
            0.14132268205285073,
            0.13125050365924834,
            0.13024819791316986,
            0.12498370036482812,
            0.12622237503528594,
            0.12126351445913315,
            0.12213028222322464,
            []
        ]
    }
}