{
    "train": [
        0.0025808697675566406,
        0.001522426742455532,
        0.0012460548961649113,
        0.0014809558241192398,
        0.00276939947814754,
        0.003448982270879261,
        0.004681344129703023,
        0.007169236793278314,
        0.012166458443252268,
        0.015665955544544617,
        0.01745250660926895,
        0.018020705183016225,
        0.01901516304121003,
        0.01859383391027818,
        0.02929490506226798,
        0.06118195131464533,
        0.07549306441142645,
        0.12097503856607852,
        0.16088616665962444,
        0.20422039395816924,
        0.24050160050436215,
        0.26041785467460027,
        0.3017435010382917,
        0.3247571458700998,
        0.3391681837294903,
        0.3531121414904203,
        0.36236607670827764,
        0.3702247512344923,
        0.37470152974172494,
        0.38400840163274674
    ],
    "valid": [
        0.00039798112200493366,
        0.0006252371018561568,
        0.0009827495068616338,
        0.0013225129615945868,
        0.003250956627639646,
        0.00401982150601454,
        0.005369656492205138,
        0.011411072612224205,
        0.01662830723025481,
        0.017588448508447853,
        0.01701700568241111,
        0.019663121104656837,
        0.016660452800113346,
        0.023947056951404932,
        0.03965859236698723,
        0.0443604189974978,
        0.10841366377932049,
        0.1364098716531231,
        0.15982707993865342,
        0.18929636836091374,
        0.22843544960061402,
        0.2562491798404776,
        0.2787992543797904,
        0.30495795011558874,
        0.3079294802997342,
        0.322857587933921,
        0.32194666385688697,
        0.33309262275733864,
        0.33171194672622595,
        0.3276755332950584
    ]
}