{
    "train": {
        "loss": [
            2.7802438974380492,
            2.3862179279327393,
            2.1781572556495665,
            1.985995489358902,
            1.8011189889907837,
            1.6187587225437163,
            1.4427218353748321,
            1.277535809278488,
            1.123431272506714,
            0.9656667232513427,
            0.8193714106082917,
            0.6961052739620208,
            0.5924020099639893,
            0.5059153413772584,
            0.4302354034781456,
            0.35206748425960543,
            0.25290499269962313,
            0.14916873306035996,
            0.051227263361215594,
            -0.0400212113559246,
            -0.12131396070122719,
            -0.20919595897197724,
            -0.2899654732644558,
            -0.35237548887729647,
            -0.4068112680315971,
            -0.45356549620628356,
            -0.4820543837547302,
            -0.5148737162351609,
            -0.5372134420275688,
            -0.5670570412278175,
            []
        ],
        "dice_loss": [
            -0.01107183045707643,
            -0.011394301997497677,
            -0.011705841161310673,
            -0.012061579562723636,
            -0.012620162582024932,
            -0.013115885108709336,
            -0.013848822237923742,
            -0.01504953215830028,
            -0.017710292069241403,
            -0.02386094059795141,
            -0.03237212408334017,
            -0.040290669221431014,
            -0.047455190643668176,
            -0.053550521582365035,
            -0.06075649257749319,
            -0.08560829129070044,
            -0.13438182272017002,
            -0.18439835846424102,
            -0.23741060063242914,
            -0.29285181015729905,
            -0.34663301572203636,
            -0.40422241419553756,
            -0.45896436721086503,
            -0.49979076355695723,
            -0.5389424362778663,
            -0.5716359466314316,
            -0.592531076669693,
            -0.616629883646965,
            -0.6324167233705521,
            -0.6543084466457367,
            []
        ],
        "bce_loss": [
            2.7913157176971435,
            2.3976122379302978,
            2.1898631024360657,
            1.9980570709705352,
            1.8137391519546509,
            1.631874611377716,
            1.456570656299591,
            1.2925853383541108,
            1.141141562461853,
            0.9895276635885238,
            0.8517435312271118,
            0.7363959419727325,
            0.6398572003841401,
            0.5594658607244491,
            0.4909918960928917,
            0.43767577558755877,
            0.38728681474924087,
            0.33356709152460096,
            0.2886378639936447,
            0.25283059880137443,
            0.22531905487179757,
            0.1950264546275139,
            0.16899889320135117,
            0.14741527453064918,
            0.13213116757571697,
            0.11807045184075832,
            0.11047669477760792,
            0.10175616763532162,
            0.09520327910780907,
            0.08725140433758498,
            []
        ]
    },
    "valid": {
        "loss": [
            2.4947709441184998,
            2.279671776294708,
            2.0840686321258546,
            1.8941401958465576,
            1.7133614242076873,
            1.531406831741333,
            1.3604547500610351,
            1.2023520648479462,
            1.0484136044979095,
            0.8948785424232483,
            0.7685092478990555,
            0.65249203145504,
            0.566251614689827,
            0.4838621079921722,
            0.4150779515504837,
            0.33207402378320694,
            0.22476689293980598,
            0.14427386820316315,
            0.06929166242480278,
            0.02412836328148842,
            -0.0730184368789196,
            -0.1573690317571163,
            -0.21507166028022767,
            -0.25941894128918647,
            -0.2980883941054344,
            -0.32589785009622574,
            -0.34434945434331893,
            -0.3697998493909836,
            -0.37608307003974917,
            -0.38289796710014345,
            []
        ],
        "dice_loss": [
            -0.010543731180951,
            -0.010802498226985336,
            -0.011054392997175455,
            -0.011587321059778333,
            -0.01211884869262576,
            -0.012553744297474623,
            -0.013415288925170899,
            -0.015307631669566035,
            -0.019530413206666708,
            -0.026356881204992532,
            -0.03212529271841049,
            -0.03931799530982971,
            -0.042433837428689,
            -0.04862510655075312,
            -0.0560310835018754,
            -0.09336077459156514,
            -0.1428668200969696,
            -0.17719412595033646,
            -0.21453167125582695,
            -0.2379574693739414,
            -0.3054797872900963,
            -0.35571394115686417,
            -0.3934356600046158,
            -0.42258326411247255,
            -0.4492126002907753,
            -0.46661892980337144,
            -0.47898648381233216,
            -0.4965880364179611,
            -0.501238514482975,
            -0.5038630723953247,
            []
        ],
        "bce_loss": [
            2.5053146719932555,
            2.29047429561615,
            2.0951230049133303,
            1.9057275354862213,
            1.7254802763462067,
            1.5439605832099914,
            1.3738700330257416,
            1.217659693956375,
            1.0679440200328827,
            0.9212354212999344,
            0.8006345361471177,
            0.691810029745102,
            0.608685451745987,
            0.5324872165918351,
            0.4711090371012688,
            0.42543480098247527,
            0.3676337137818336,
            0.3214679941534996,
            0.28382333368062973,
            0.26208583265542984,
            0.2324613504111767,
            0.19834490939974786,
            0.17836399897933006,
            0.16316432356834412,
            0.15112420693039894,
            0.1407210797071457,
            0.13463703021407128,
            0.12678818292915822,
            0.12515544705092907,
            0.12096510492265225,
            []
        ]
    }
}