{
    "train": {
        "dice": [
            0.002147793147237503,
            0.004135725938533748,
            0.024347624916224223
        ],
        "precision": [
            0.002630030014233853,
            0.05228014424443245,
            0.04957511365413666
        ],
        "recall": [
            0.005076155607775945,
            0.003478723177322536,
            0.033694934507057045
        ]
    },
    "valid": {
        "dice": [
            4.2089329715727303e-13,
            0.0068125075106033155,
            0.037081237658531004
        ],
        "precision": [
            0.0,
            0.004604642391204834,
            0.05428822502493858
        ],
        "recall": [
            0.0,
            0.013088055849075318,
            0.04082921715889824
        ]
    }
}