{
    "train": [
        0.010654903388236006,
        0.032266027592565964,
        0.07526416540190216,
        0.132027108669723,
        0.1585732675883668,
        0.1844711112235414,
        0.2180689406399344,
        0.2519428515438651,
        0.2749892637137975,
        0.29280598001008906,
        0.3016372055378451,
        0.30835840288593314,
        0.32096463964597044,
        0.3302669380097343,
        0.34302705928726773,
        0.3509184806886653,
        0.3575752876517029,
        0.37261041916564175,
        0.3740167570834354,
        0.3899258229449872,
        0.40139362514992366,
        0.4022458685170379,
        0.41347456179368164,
        0.4120122046214048,
        0.436466086544506,
        0.4441437434409184,
        0.44896826133172935,
        0.4489119852617586,
        0.4649566601220721,
        0.46650249749461353
    ],
    "valid": [
        0.010661824644028331,
        0.05073050028452461,
        0.1126731073860433,
        0.14449161648790368,
        0.15501854186800496,
        0.19132907141039004,
        0.23012604028025013,
        0.24858858591245597,
        0.27699860572853,
        0.2840431952491894,
        0.29869654476680124,
        0.2944880178574499,
        0.30404075086154303,
        0.3118210964281042,
        0.32359199196136784,
        0.3261890730984151,
        0.33593431580847705,
        0.3301581622593798,
        0.3403767593208461,
        0.3612009768063091,
        0.3589014272849,
        0.36525424725406425,
        0.3334372155685832,
        0.37404410552959283,
        0.39254882924286044,
        0.3838739264456495,
        0.3941845655444018,
        0.39587269072446074,
        0.3833357330041662,
        0.38957863504324103
    ]
}