{
    "train": {
        "loss": [
            1.2759333482384683,
            0.1966639482975006,
            0.009277130961418151,
            -0.1212707842886448,
            -0.20525597184896469,
            -0.2576998022198677,
            -0.31243930891156196,
            -0.36830673441290857,
            -0.4207361787557602,
            -0.45159085392951964,
            -0.4718490380048752,
            -0.49017215341329573,
            -0.5084122109413147,
            -0.5223826876282692,
            -0.5402234238386154,
            -0.5504660817980767,
            -0.5607370442152023,
            -0.5755968406796456,
            -0.5727615931630134,
            -0.5926346507668495,
            -0.6028883230686187,
            -0.5998665931820869,
            -0.608552771806717,
            -0.6078028962016105,
            -0.6404109770059585,
            -0.6455033379793167,
            -0.651131893992424,
            -0.6502445343136788,
            -0.6603067892789841,
            -0.6586491918563843,
            []
        ],
        "dice_loss": [
            -0.016731035066768526,
            -0.06952914794906974,
            -0.1621889901161194,
            -0.268137426674366,
            -0.338298130184412,
            -0.3820986920595169,
            -0.42992382794618605,
            -0.4795202252268791,
            -0.5265986967086792,
            -0.5531618750095367,
            -0.5697545471787453,
            -0.5843414589762688,
            -0.5993386310338974,
            -0.6100018322467804,
            -0.6251458436250686,
            -0.6332771849632263,
            -0.641108684539795,
            -0.6530943900346756,
            -0.6514918744564057,
            -0.6674774307012558,
            -0.6765340924263,
            -0.6744061481952667,
            -0.6817736566066742,
            -0.6819331002235413,
            -0.7084885728359223,
            -0.7128718233108521,
            -0.717577765583992,
            -0.7174616527557373,
            -0.7255593866109848,
            -0.7243990498781204,
            []
        ],
        "bce_loss": [
            1.292664384841919,
            0.26619309589266776,
            0.17146612115204335,
            0.14686664260923862,
            0.1330421582609415,
            0.12439888998866082,
            0.11748451873660087,
            0.1112134899944067,
            0.10586251907050609,
            0.10157102108001709,
            0.0979055081307888,
            0.09416930928826332,
            0.09092642158269883,
            0.0876191458106041,
            0.08492241661995649,
            0.0828111032769084,
            0.08037164017558097,
            0.07749754957854747,
            0.07873028218746185,
            0.07484278108924627,
            0.07364576701074839,
            0.0745395552739501,
            0.0732208875566721,
            0.07413020201027393,
            0.06807759679853916,
            0.06736848428845406,
            0.06644587110728026,
            0.06721711724996567,
            0.0652525957301259,
            0.06574985850602388,
            []
        ]
    },
    "valid": {
        "loss": [
            0.4108281835913658,
            0.09752583615481854,
            -0.0337355449795723,
            -0.10680937469005584,
            -0.15463409647345544,
            -0.2153261549770832,
            -0.2657088674604893,
            -0.285243371874094,
            -0.336016857624054,
            -0.3549384467303753,
            -0.38512047529220583,
            -0.38268999457359315,
            -0.3929616779088974,
            -0.3987080276012421,
            -0.415514649450779,
            -0.4063267320394516,
            -0.42829367369413374,
            -0.41423837691545484,
            -0.4223467856645584,
            -0.4452811494469643,
            -0.4410262331366539,
            -0.4418540343642235,
            -0.3938508048653603,
            -0.4524606764316559,
            -0.47026820182800294,
            -0.4474822968244553,
            -0.46576623171567916,
            -0.4656742110848427,
            -0.44763977974653246,
            -0.46817556619644163,
            []
        ],
        "dice_loss": [
            -0.02675281362608075,
            -0.10416932962834835,
            -0.20109605714678763,
            -0.260225435346365,
            -0.3049201682209969,
            -0.3518605411052704,
            -0.39417598098516465,
            -0.4166056826710701,
            -0.4608976230025291,
            -0.4737372487783432,
            -0.499563430249691,
            -0.4969410881400108,
            -0.5075978562235832,
            -0.5102567076683044,
            -0.5232307016849518,
            -0.5186019837856293,
            -0.5333147183060646,
            -0.5222332864999771,
            -0.5337531924247741,
            -0.5488370135426521,
            -0.5469360813498497,
            -0.5462659180164338,
            -0.5087084755301475,
            -0.5576906681060791,
            -0.5699820995330811,
            -0.5542254745960236,
            -0.5696561381220817,
            -0.568705452978611,
            -0.5554084151983261,
            -0.5722356021404267,
            []
        ],
        "bce_loss": [
            0.43758099973201753,
            0.20169516578316687,
            0.16736051216721534,
            0.15341606065630914,
            0.15028607212007045,
            0.1365343876183033,
            0.12846711240708827,
            0.13136231079697608,
            0.12488076537847519,
            0.11879880093038082,
            0.11444295346736907,
            0.11425109505653382,
            0.11463617905974388,
            0.11154867894947529,
            0.10771605409681798,
            0.11227524913847446,
            0.10502104312181473,
            0.10799491107463836,
            0.11140641048550606,
            0.10355586744844913,
            0.10590984933078289,
            0.10441188476979732,
            0.1148576732724905,
            0.10522998981177807,
            0.09971389397978783,
            0.10674318037927151,
            0.10388990379869938,
            0.10303123965859413,
            0.10776863470673562,
            0.10406003445386887,
            []
        ]
    }
}