{
    "train": {
        "dice": [
            0.00025362412465537276,
            0.009373897761549411,
            0.03987396759025083,
            0.08455018050662727,
            0.031121486712509996,
            0.010847680563896657,
            0.009004670980069344,
            0.01466853605263427,
            0.010056248973452954,
            0.012146745987121867,
            0.011822549734424963,
            0.010833291081963643,
            0.011488503482342906,
            0.013868038187103547,
            0.009828854980916747
        ],
        "precision": [
            0.0018777792947366834,
            0.02171981304883957,
            0.0697290164232254,
            0.11159208133816718,
            0.11691563084721565,
            0.11943334460258484,
            0.09571685314178467,
            0.11717491570860147,
            0.10216699987649917,
            0.11776811987161637,
            0.124930729418993,
            0.12453381241299212,
            0.12081569150090217,
            0.11673139490187168,
            0.10725683961063623
        ],
        "recall": [
            0.00022375802962415036,
            0.006071887016296387,
            0.036674999031238255,
            0.08540317865888937,
            0.018492567519206204,
            0.005847263470423058,
            0.004831817387312185,
            0.008103025986856664,
            0.005407240068398096,
            0.006611522776729543,
            0.0063335330806694404,
            0.005846528889169349,
            0.006245464890780567,
            0.007609840160466774,
            0.0052836391168875705
        ]
    },
    "valid": {
        "dice": [
            4.2089329715727303e-13,
            0.021987543106492022,
            0.06376469083170072,
            0.09466795369439449,
            0.004890970439130416,
            0.004890970439130416,
            0.004890970439130416,
            0.004890970439130416,
            0.004890970439130416,
            0.004890970439130416,
            0.004890970439130416,
            0.004890970439130416,
            0.004890970439130416,
            0.004890970439130416,
            0.004890970439130416
        ],
        "precision": [
            0.0,
            0.022546626031398773,
            0.08950436353683472,
            0.12798267841339112,
            0.07498819947242737,
            0.07498819947242737,
            0.07498819947242737,
            0.07498819947242737,
            0.07498819947242737,
            0.07498819947242737,
            0.07498819947242737,
            0.07498819947242737,
            0.07498819947242737,
            0.07498819947242737,
            0.07498819947242737
        ],
        "recall": [
            0.0,
            0.025030424147844316,
            0.05728271167725325,
            0.08891507351887412,
            0.0025831775367259977,
            0.0025831775367259977,
            0.0025831775367259977,
            0.0025831775367259977,
            0.0025831775367259977,
            0.0025831775367259977,
            0.0025831775367259977,
            0.0025831775367259977,
            0.0025831775367259977,
            0.0025831775367259977,
            0.0025831775367259977
        ]
    }
}