{
    "train": {
        "total loss": [
            0.6723289465904236,
            0.29522747203707694,
            0.23318911612033844,
            0.1595724695175886,
            NaN,
            NaN,
            NaN,
            NaN,
            NaN,
            NaN,
            NaN,
            NaN,
            NaN,
            NaN,
            NaN,
            []
        ],
        "CE loss": [
            0.6842822414636612,
            0.3323918250203133,
            0.3029237991571426,
            0.28121033623814584,
            NaN,
            NaN,
            NaN,
            NaN,
            NaN,
            NaN,
            NaN,
            NaN,
            NaN,
            NaN,
            NaN,
            []
        ],
        "dice loss": [
            -0.011953278516884894,
            -0.03716435264796018,
            -0.06973468266427517,
            -0.12163786835968494,
            NaN,
            NaN,
            NaN,
            NaN,
            NaN,
            NaN,
            NaN,
            NaN,
            NaN,
            NaN,
            NaN,
            []
        ]
    },
    "valid": {
        "total loss": [
            0.16753787249326707,
            0.13740198276937007,
            0.09948945082724095,
            0.07756335996091365,
            NaN,
            NaN,
            NaN,
            NaN,
            NaN,
            NaN,
            NaN,
            NaN,
            NaN,
            NaN,
            NaN,
            []
        ],
        "CE loss": [
            0.1833123080432415,
            0.16676662415266036,
            0.15474657528102398,
            0.15704925283789634,
            NaN,
            NaN,
            NaN,
            NaN,
            NaN,
            NaN,
            NaN,
            NaN,
            NaN,
            NaN,
            NaN,
            []
        ],
        "dice loss": [
            -0.015774436062201858,
            -0.029364641197025775,
            -0.05525712408125401,
            -0.07948589287698268,
            NaN,
            NaN,
            NaN,
            NaN,
            NaN,
            NaN,
            NaN,
            NaN,
            NaN,
            NaN,
            NaN,
            []
        ]
    }
}