{
    "train": [
        0.0010913398815855584,
        0.0013153218293736255,
        0.0029586653914311974,
        0.0034611771616749366,
        0.004551205114909948,
        0.007319598664798498,
        0.010828824397001741,
        0.018728429499526113,
        0.021640709352574655,
        0.019537503618625683,
        0.017908290568298065,
        0.021913230084387572,
        0.056210540953602665,
        0.083348114899559,
        0.10646174296780603,
        0.12934253503263052,
        0.18612660022263378,
        0.2408354451046042,
        0.2788310994059411,
        0.28947008371397126,
        0.29858450412794224,
        0.3066655087865381,
        0.31312527918794686,
        0.34959058972118934,
        0.3532124755116803,
        0.3733224577461061,
        0.38573897928042983,
        0.39553076947151133,
        0.4095167273287328,
        0.4255549746756108
    ],
    "valid": [
        0.0009369527206135212,
        0.0009862940993679687,
        0.0026102492635379517,
        0.0029929509121890347,
        0.005196125773386458,
        0.008770357811918351,
        0.012661289202825932,
        0.01943970297440094,
        0.018590140431571346,
        0.01773212004433528,
        0.01601408953468004,
        0.030800001565772724,
        0.07325350279028559,
        0.09540913683547592,
        0.11359541026913655,
        0.14641858583354161,
        0.21952366573024132,
        0.2510755517581967,
        0.26800417423287265,
        0.275403707027825,
        0.26685893347175615,
        0.2814343667034232,
        0.2967227911021426,
        0.31557191090695347,
        0.30014314349777294,
        0.33546492863483024,
        0.3416501921418984,
        0.35183751702344623,
        0.36260027051007954,
        0.3636480575803539
    ]
}