{
    "train": {
        "loss": [
            2.8544752907752993,
            2.453105788230896,
            2.271354773044586,
            2.1112517523765564,
            1.9505521512031556,
            1.7931521463394164,
            1.639621492624283,
            1.4863199305534363,
            1.3367280066013336,
            1.196054072380066,
            1.0567248916625978,
            0.920079778432846,
            0.7894739860296249,
            0.6574104726314545,
            0.528258820772171,
            0.41528297394514085,
            0.30288684844970704,
            0.18141376450657845,
            0.04745425671339035,
            -0.0558828441798687,
            -0.14200550809502602,
            -0.21672324120998382,
            -0.2797166980803013,
            -0.34479348212480543,
            -0.3911115825176239,
            -0.4281148114800453,
            -0.4776631128787994,
            -0.5157371425628662,
            -0.5528515216708183,
            -0.5787998834252357,
            []
        ],
        "dice_loss": [
            -0.010833598943427204,
            -0.011088678054511547,
            -0.01156114394776523,
            -0.011935777375474571,
            -0.012518709292635322,
            -0.013445049077272415,
            -0.015062781274318695,
            -0.019517330219969153,
            -0.025022293720394374,
            -0.029295408818870782,
            -0.033845946453511716,
            -0.03997858487069607,
            -0.055565096829086544,
            -0.08430549547076226,
            -0.11276169873774051,
            -0.13829466946423052,
            -0.1773258125036955,
            -0.23643021747469903,
            -0.30088010430336,
            -0.34887758940458297,
            -0.3895928353071213,
            -0.428043729364872,
            -0.46184251338243487,
            -0.5033367171883583,
            -0.531427519917488,
            -0.5561550241708756,
            -0.5915548193454743,
            -0.6183981892466545,
            -0.644987102150917,
            -0.6642816632986068,
            []
        ],
        "bce_loss": [
            2.865308895111084,
            2.46419447183609,
            2.2829159259796143,
            2.1231875348091127,
            1.9630708622932433,
            1.8065972030162811,
            1.6546842706203462,
            1.5058372581005097,
            1.3617503023147584,
            1.2253494811058045,
            1.0905708360671997,
            0.9600583618879318,
            0.8450390833616257,
            0.7417159646749496,
            0.6410205215215683,
            0.5535776436328887,
            0.48021266132593154,
            0.4178439822793007,
            0.34833436101675036,
            0.2929947452247143,
            0.24758732736110686,
            0.21132048815488816,
            0.18212581515312196,
            0.15854323491454125,
            0.14031593769788742,
            0.12804021298885346,
            0.11389170564711094,
            0.10266104809939862,
            0.09213557995855809,
            0.0854817807674408,
            []
        ]
    },
    "valid": {
        "loss": [
            2.5627368211746218,
            2.3552844405174254,
            2.1902575373649595,
            2.031225848197937,
            1.874353861808777,
            1.7187216699123382,
            1.5671363711357116,
            1.4173052966594697,
            1.2745639622211455,
            1.1371906518936157,
            0.9981412053108215,
            0.8697578519582748,
            0.7392694145441056,
            0.6115701884031296,
            0.49125170707702637,
            0.3975381895899773,
            0.27523213550448417,
            0.16832612603902816,
            0.06680489033460617,
            -0.019510044157505034,
            -0.06779575422406196,
            -0.13126140832901,
            -0.18428975343704224,
            -0.23526936620473862,
            -0.24636945649981498,
            -0.29441943764686584,
            -0.3263344295322895,
            -0.3626083716750145,
            -0.38167769759893416,
            -0.39218839406967165,
            []
        ],
        "dice_loss": [
            -0.010314940288662911,
            -0.010520214354619384,
            -0.010880374535918235,
            -0.01127953128889203,
            -0.011744104139506818,
            -0.012716554384678603,
            -0.014738115388900042,
            -0.018780896812677382,
            -0.0221145193092525,
            -0.025901622697710992,
            -0.02957925936207175,
            -0.037591381929814816,
            -0.05935617387294769,
            -0.08508203327655792,
            -0.11163543276488781,
            -0.12735276892781258,
            -0.18316993042826651,
            -0.22525894194841384,
            -0.2659420892596245,
            -0.30482595711946486,
            -0.3221842348575592,
            -0.35135928690433504,
            -0.37990189641714095,
            -0.411814746260643,
            -0.4145759463310242,
            -0.4475423559546471,
            -0.46907886266708376,
            -0.4923535421490669,
            -0.5078785955905915,
            -0.5140910968184471,
            []
        ],
        "bce_loss": [
            2.5730517387390135,
            2.365804672241211,
            2.201137924194336,
            2.042505383491516,
            1.8860979616641997,
            1.7314382314682006,
            1.5818744838237762,
            1.4360862016677856,
            1.2966784834861755,
            1.1630922615528108,
            1.027720457315445,
            0.90734923183918,
            0.7986255824565888,
            0.6966522246599197,
            0.6028871387243271,
            0.5248909533023834,
            0.45840206295251845,
            0.393585067987442,
            0.33274697959423066,
            0.28531591296195985,
            0.2543884806334972,
            0.220097878575325,
            0.1956121429800987,
            0.1765453800559044,
            0.16820649057626724,
            0.15312291905283928,
            0.14274442978203297,
            0.12974517233669758,
            0.1262008987367153,
            0.1219027016311884,
            []
        ]
    }
}