{
    "train": [
        0.01176071077249279,
        0.03131091018672735,
        0.026736869024014964,
        0.026276883314339305,
        0.02812645669680019,
        0.049233741525066856,
        0.07153687603832949,
        0.09569974404767148,
        0.09720823705676826,
        0.12703987087239743,
        0.16124177740997955,
        0.1814513466196349,
        0.21106608033224247,
        0.24126554489179752,
        0.25148505747362193,
        0.27777907427444204,
        0.319569994225311,
        0.32853268623395915,
        0.33975940707881913,
        0.3440693461526835,
        0.35228523090525493,
        0.3630012774471842,
        0.3636647498612009,
        0.377551432848414,
        0.3861882400517069,
        0.38948047637983185,
        0.3912079302598431,
        0.40103070855184336,
        0.4174764657024934,
        0.4210057103638246
    ],
    "valid": [
        0.02503578993861934,
        0.024941549504154933,
        0.026969842512321,
        0.023429547141703814,
        0.03319280949573314,
        0.06535299441008596,
        0.08300494458565101,
        0.0955842886224149,
        0.1089742801307461,
        0.13162431612650846,
        0.15477269246107864,
        0.1743848498169534,
        0.22250563859978836,
        0.2284734821323506,
        0.2418242614900584,
        0.26363349258938173,
        0.2915396761898074,
        0.30821426391640044,
        0.2993279981617008,
        0.30543588686772377,
        0.30906211614646706,
        0.3175116646293619,
        0.32290774226226593,
        0.3298820650581339,
        0.32931898474731236,
        0.3257136154178598,
        0.32816635221280416,
        0.33864506721534093,
        0.33861403226889925,
        0.3429236352447446
    ]
}