{
    "train": {
        "loss": [
            2.6914013862609862,
            2.302720868587494,
            2.053130797147751,
            1.818578108549118,
            1.5897485709190369,
            1.3526021540164948,
            1.128153065443039,
            0.9219618117809296,
            0.737719846367836,
            0.5706793144345284,
            0.41351667284965515,
            0.27562027141451834,
            0.1554163685441017,
            0.05542272090911865,
            -0.026850122213363647,
            -0.11116014376282692,
            -0.1972394271194935,
            -0.2672803711891174,
            -0.3398852401971817,
            -0.38764552980661393,
            -0.4342240020632744,
            -0.46560180246829985,
            -0.4768770107626915,
            -0.5165105527639389,
            -0.5481074517965316,
            -0.5698765233159065,
            -0.5836910173296929,
            -0.6025138500332833,
            -0.6206648713350296,
            -0.6340789437294007,
            []
        ],
        "dice_loss": [
            -0.014904434140771628,
            -0.020964086093008517,
            -0.02490048942156136,
            -0.027928279638290407,
            -0.03039640687406063,
            -0.03612880777567625,
            -0.05066495705395937,
            -0.06573012847453356,
            -0.08507175531238317,
            -0.11714567087590694,
            -0.1566217540204525,
            -0.1971351782977581,
            -0.23690514758229256,
            -0.27477707624435427,
            -0.3092524528503418,
            -0.35241740465164184,
            -0.40352400958538054,
            -0.44700539618730545,
            -0.494665906727314,
            -0.525265118777752,
            -0.5569754326343537,
            -0.5778942337632179,
            -0.5841170093417167,
            -0.6138309100270272,
            -0.6373837900161743,
            -0.6538975489139557,
            -0.6638670772314071,
            -0.6784261488914489,
            -0.6930249494314193,
            -0.7032146435976029,
            []
        ],
        "bce_loss": [
            2.706305820941925,
            2.323684947490692,
            2.078031269311905,
            1.8465063869953156,
            1.6201449751853942,
            1.3887309634685516,
            1.1788180184364319,
            0.9876919394731521,
            0.8227916026115417,
            0.6878249853849411,
            0.5701384276151658,
            0.47275544971227645,
            0.3923215162754059,
            0.3301997971534729,
            0.28240233063697817,
            0.24125726088881494,
            0.2062845827639103,
            0.17972502440214158,
            0.15478066772222518,
            0.1376195888966322,
            0.12275142915546894,
            0.11229243203997612,
            0.10724000006914139,
            0.09732035592198372,
            0.08927633889019489,
            0.08402102336287498,
            0.08017606273293496,
            0.07591229882091284,
            0.07236007824540139,
            0.06913570053875447,
            []
        ]
    },
    "valid": {
        "loss": [
            2.44091192483902,
            2.177002227306366,
            1.9355710744857788,
            1.7101658761501313,
            1.4768854141235352,
            1.243577426671982,
            1.0322513163089753,
            0.8376057237386704,
            0.6731569707393646,
            0.5237662762403488,
            0.3846986204385757,
            0.2695086658000946,
            0.16359485313296318,
            0.08565082177519798,
            0.008023320138454438,
            -0.06003025844693184,
            -0.12799917310476303,
            -0.19344666823744774,
            -0.23150380179286004,
            -0.26770524606108664,
            -0.2937018357217312,
            -0.313862793892622,
            -0.3285496704280376,
            -0.35485760271549227,
            -0.36034468859434127,
            -0.3682758390903473,
            -0.3809215873479843,
            -0.3884041652083397,
            -0.38347981721162794,
            -0.40433126538991926,
            []
        ],
        "dice_loss": [
            -0.01757918717339635,
            -0.020973477372899653,
            -0.02294585001654923,
            -0.025639508757740258,
            -0.026805269159376623,
            -0.03756480496376753,
            -0.04868466444313526,
            -0.06594910994172096,
            -0.08230776749551297,
            -0.11247946135699749,
            -0.1434857252985239,
            -0.17204340249300004,
            -0.20742636695504188,
            -0.23654214218258857,
            -0.26900052577257155,
            -0.30178122222423553,
            -0.34024586379528043,
            -0.3807294011116028,
            -0.4014497876167297,
            -0.42413304150104525,
            -0.4407603397965431,
            -0.45344323217868804,
            -0.46206917613744736,
            -0.48119634836912156,
            -0.4840458303689957,
            -0.49155499786138535,
            -0.5010400384664535,
            -0.5081109210848809,
            -0.5043630927801133,
            -0.520376168191433,
            []
        ],
        "bce_loss": [
            2.458491098880768,
            2.1979757070541384,
            1.958516937494278,
            1.7358053743839263,
            1.5036906838417052,
            1.2811422228813172,
            1.0809359848499298,
            0.9035548329353332,
            0.7554647386074066,
            0.6362457364797592,
            0.5281843423843384,
            0.4415520682930946,
            0.3710212200880051,
            0.32219296395778657,
            0.277023845911026,
            0.2417509637773037,
            0.21224669069051744,
            0.1872827336192131,
            0.16994598507881165,
            0.15642779394984246,
            0.14705850444734098,
            0.13958043679594995,
            0.13351950347423552,
            0.12633874267339706,
            0.12370114214718342,
            0.12327915541827679,
            0.12011845111846924,
            0.1197067592293024,
            0.12088327631354331,
            0.11604490615427494,
            []
        ]
    }
}