{
    "train": [
        0.005984317711849996,
        0.019195412162531626,
        0.02070734005591244,
        0.022146740311831246,
        0.026602231897849767,
        0.037737221300339706,
        0.04308696171647106,
        0.051765234561025227,
        0.05999737665070914,
        0.10237574480662265,
        0.12860947733495118,
        0.15362335164198845,
        0.21427871877040844,
        0.2564823460583323,
        0.2666956019405955,
        0.2759496188168162,
        0.2792644122905436,
        0.29764111161275975,
        0.31424278259321325,
        0.3201626997210607,
        0.33770270347639075,
        0.35229204893156035,
        0.3610027404413279,
        0.37656526804014107,
        0.3846201670174208,
        0.39019611835523516,
        0.3941846680645552,
        0.3982042068247378,
        0.4058279532198489,
        0.4134585428242266
    ],
    "valid": [
        0.01199323356882115,
        0.016299126068668675,
        0.0180123232984132,
        0.02244114242532534,
        0.03135030471525445,
        0.04271716931989707,
        0.048761926344405494,
        0.05441055844684183,
        0.07425742875150648,
        0.11055431148501993,
        0.12995959363327858,
        0.17480353962546316,
        0.24117009401360742,
        0.2434955453876614,
        0.24739237308541534,
        0.2513629889492154,
        0.2504044508937955,
        0.2849660491947257,
        0.2855838942531668,
        0.28640391323753933,
        0.300915970802692,
        0.31094973564186434,
        0.3188156856600276,
        0.33102820038833536,
        0.33257490634956277,
        0.33988230228462135,
        0.33541519045867835,
        0.3296848517660074,
        0.3411677235368662,
        0.3465207374099665
    ]
}