{
    "train": {
        "loss": [
            2.728875777721405,
            2.332606806755066,
            2.0606179249286654,
            1.798830498456955,
            1.5505467939376831,
            1.3105058538913728,
            1.0900241494178773,
            0.8780923449993133,
            0.686216549873352,
            0.5130595919489861,
            0.3648891419172287,
            0.2431039673089981,
            0.12161658003926278,
            0.010659135729074478,
            -0.08702063620090485,
            -0.16779234766960144,
            -0.22689116671681403,
            -0.287753519564867,
            -0.333147863894701,
            -0.3815075638890266,
            -0.40819059550762177,
            -0.45767957299947737,
            -0.49605178892612456,
            -0.5217478486895561,
            -0.5461302536725998,
            -0.5680126827955246,
            -0.5885041636228562,
            -0.6042051902413368,
            -0.6150304812192917,
            -0.6271896061301231,
            []
        ],
        "dice_loss": [
            -0.012068893816322089,
            -0.013123787380754948,
            -0.014208526220172643,
            -0.015778775429353117,
            -0.018229513131082058,
            -0.021817485569044948,
            -0.03109835520386696,
            -0.0466929012350738,
            -0.06425571165978909,
            -0.1002693672850728,
            -0.136261031255126,
            -0.1693015094846487,
            -0.22277912005782127,
            -0.27849763408303263,
            -0.330440579354763,
            -0.3751117292046547,
            -0.40858626246452334,
            -0.44691618382930753,
            -0.47715147227048876,
            -0.5111141869425774,
            -0.5295145964622497,
            -0.5670549938082695,
            -0.5957182723283768,
            -0.6153433150053025,
            -0.634701726436615,
            -0.6514613115787506,
            -0.6675966972112656,
            -0.6794778126478195,
            -0.6881882315874099,
            -0.6977785474061966,
            []
        ],
        "bce_loss": [
            2.740944676399231,
            2.3457306003570557,
            2.074826457500458,
            1.8146092796325684,
            1.5687763071060181,
            1.3323233389854432,
            1.1211225008964538,
            0.9247852444648743,
            0.750472263097763,
            0.6133289575576782,
            0.5011501735448838,
            0.41240547567605973,
            0.34439570009708403,
            0.2891567698121071,
            0.24341994315385818,
            0.20731938138604164,
            0.18169509544968604,
            0.1591626638174057,
            0.14400360755622388,
            0.12960662424564362,
            0.12132400095462799,
            0.10937541924417019,
            0.09966648429632187,
            0.09359546527266502,
            0.08857147365808488,
            0.0834486298263073,
            0.0790925331786275,
            0.07527262326329946,
            0.07315774898976088,
            0.07058894369751215,
            []
        ]
    },
    "valid": {
        "loss": [
            2.472363543510437,
            2.1942436695098877,
            1.9268177568912506,
            1.6747045755386352,
            1.4305167853832246,
            1.1996791183948516,
            0.9869829505681992,
            0.7867798835039139,
            0.6124438881874085,
            0.45420546233654024,
            0.3333613649010658,
            0.22032411321997641,
            0.11026358976960182,
            0.019972389191389085,
            -0.04500855505466461,
            -0.11064421534538268,
            -0.14285528063774108,
            -0.2029489681124687,
            -0.23980258852243425,
            -0.26710610166192056,
            -0.28111978694796563,
            -0.31254209876060485,
            -0.3436616092920303,
            -0.35681129395961764,
            -0.3745548278093338,
            -0.3862126424908638,
            -0.39477653950452807,
            -0.3849268615245819,
            -0.40434572845697403,
            -0.40998182743787764,
            []
        ],
        "dice_loss": [
            -0.011079167807474732,
            -0.012398171564564109,
            -0.01345410691574216,
            -0.01540376218035817,
            -0.01797157833352685,
            -0.024295096565037966,
            -0.0350784600712359,
            -0.05136853903532028,
            -0.0695696420967579,
            -0.10491470396518707,
            -0.12923576794564723,
            -0.16479231864213945,
            -0.214581847935915,
            -0.25917011871933937,
            -0.28671631291508676,
            -0.32245971262454987,
            -0.3350765213370323,
            -0.37607330083847046,
            -0.40034802854061124,
            -0.4175470069050789,
            -0.42488789558410645,
            -0.44958174526691436,
            -0.4709879636764526,
            -0.4813873484730721,
            -0.496708357334137,
            -0.5052985310554504,
            -0.511305071413517,
            -0.5056431129574775,
            -0.5182688549160958,
            -0.5260275498032569,
            []
        ],
        "bce_loss": [
            2.483442711830139,
            2.2066418528556824,
            1.9402718603610993,
            1.6901083290576935,
            1.4484883546829224,
            1.2239742159843445,
            1.0220614135265351,
            0.8381484270095825,
            0.6820135295391083,
            0.5591201692819595,
            0.4625971347093582,
            0.38511643260717393,
            0.3248454377055168,
            0.2791425079107285,
            0.24170775786042215,
            0.21181549727916718,
            0.19222124069929122,
            0.1731243334710598,
            0.16054544001817703,
            0.1504409022629261,
            0.14376810528337955,
            0.1370396487414837,
            0.12732635550200938,
            0.1245760541409254,
            0.1221535287797451,
            0.11908589042723179,
            0.11652853116393089,
            0.12071625366806985,
            0.11392312683165073,
            0.11604572534561157,
            []
        ]
    }
}