{
    "train": [
        0.0031988962417607326,
        0.004634953305253412,
        0.008401925680790984,
        0.008614511415394065,
        0.006134874742361799,
        0.010819324283220175,
        0.0148230764078362,
        0.038949778656377027,
        0.07119171576865352,
        0.08702041812524715,
        0.11670452336592034,
        0.1293345456388536,
        0.14832458751814886,
        0.1877750815828072,
        0.22162954956337086,
        0.2702848970894443,
        0.29252667188688386,
        0.29318976163908117,
        0.3068286085133182,
        0.32914985060735696,
        0.3390551567082023,
        0.34023378938789484,
        0.3477926988036415,
        0.3659031707052781,
        0.38916852116628425,
        0.3952317094807222,
        0.4026829111580446,
        0.4040224695210054,
        0.40957785964055804,
        0.410386581421335
    ],
    "valid": [
        0.0026227544639046475,
        0.007500553429268962,
        0.01223340127325443,
        0.007113297742474451,
        0.007594302052802572,
        0.007307382332805938,
        0.018353497969577415,
        0.06987607699247954,
        0.0778160564157178,
        0.10002276614522787,
        0.1173707768697547,
        0.12934284643077051,
        0.16627102406502087,
        0.19696523986795775,
        0.22154736593404642,
        0.25913239836731783,
        0.27225190401116245,
        0.2769797301296317,
        0.2750236773494803,
        0.30356973648109775,
        0.30755467414894444,
        0.30427786111870153,
        0.31954966078549885,
        0.32457674846090634,
        0.3458974277976926,
        0.33907824277915316,
        0.3397040271762784,
        0.34257169008292515,
        0.34799779534377423,
        0.3416009122099075
    ]
}