{
    "train": {
        "loss": [
            2.6208763480186463,
            2.2269595313072204,
            1.9934431278705598,
            1.7666386330127717,
            1.5553702366352082,
            1.357547928094864,
            1.174681922197342,
            0.9997037172317504,
            0.8219487148523331,
            0.667530528306961,
            0.5346432065963745,
            0.41238425314426425,
            0.29630079194903375,
            0.1712691929936409,
            0.06207826480269432,
            -0.035244837403297424,
            -0.13279840245842933,
            -0.19635698482394218,
            -0.27135461881756784,
            -0.3305709707736969,
            -0.3802595320343971,
            -0.4159399703145027,
            -0.4551001790165901,
            -0.4947628331184387,
            -0.5296242427825928,
            -0.5552130705118179,
            -0.5811415588855744,
            -0.5962276861071587,
            -0.613778539299965,
            -0.6257535290718078,
            []
        ],
        "dice_loss": [
            -0.011485297167673707,
            -0.012623235201463103,
            -0.013613734003156424,
            -0.015290155233815312,
            -0.01896377734839916,
            -0.02403501458466053,
            -0.028463103771209718,
            -0.04024440608918667,
            -0.06435392316430807,
            -0.08341674108058214,
            -0.10232611380517483,
            -0.12955669820308685,
            -0.1698810411244631,
            -0.2230574034154415,
            -0.26710007086396215,
            -0.3116803485155106,
            -0.36590118646621705,
            -0.39887842267751694,
            -0.44440345048904417,
            -0.4819394001364708,
            -0.5158009815216065,
            -0.5388263854384422,
            -0.5655067077279091,
            -0.5945425429940223,
            -0.6213725906610489,
            -0.6416812962293625,
            -0.6620697206258774,
            -0.6738135230541229,
            -0.6871219277381897,
            -0.6966449987888336,
            []
        ],
        "bce_loss": [
            2.6323616433143617,
            2.239582760334015,
            2.0070568704605103,
            1.7819287931919099,
            1.5743340170383453,
            1.381582944393158,
            1.203145023584366,
            1.039948120713234,
            0.8863026368618011,
            0.7509472674131393,
            0.6369693201780319,
            0.5419409522414207,
            0.4661818328499794,
            0.39432659655809404,
            0.3291783356666565,
            0.27643551111221315,
            0.2331027840077877,
            0.2025214372575283,
            0.17304883137345314,
            0.15136842906475068,
            0.13554145060479642,
            0.1228864149749279,
            0.1104065278172493,
            0.09977971114218236,
            0.09174834638834,
            0.08646822530776262,
            0.0809281625598669,
            0.07758583817631007,
            0.07334338895976543,
            0.07089147079735994,
            []
        ]
    },
    "valid": {
        "loss": [
            2.358711767196655,
            2.1093490600585936,
            1.8747553825378418,
            1.6611822843551636,
            1.456905871629715,
            1.269555503129959,
            1.0925765335559845,
            0.9230337858200073,
            0.7521979451179505,
            0.6137187004089355,
            0.4904217228293419,
            0.38505771905183794,
            0.2916263364255428,
            0.16552704423666,
            0.07501622661948204,
            -0.00850442573428154,
            -0.08699597716331482,
            -0.1399872526526451,
            -0.18324081897735595,
            -0.23372371643781661,
            -0.27628714963793755,
            -0.2960491508245468,
            -0.3322924762964249,
            -0.34594861716032027,
            -0.3768048569560051,
            -0.3768776521086693,
            -0.3930319473147392,
            -0.39933108240365983,
            -0.414482507109642,
            -0.4008260488510132,
            []
        ],
        "dice_loss": [
            -0.010711425682529807,
            -0.012463204422965645,
            -0.013680192874744534,
            -0.015513675613328814,
            -0.01998485242947936,
            -0.023528695851564408,
            -0.02855808911845088,
            -0.04149942994117737,
            -0.06506449114531279,
            -0.08206281624734402,
            -0.10030637271702289,
            -0.12431067861616611,
            -0.15115768797695636,
            -0.20656482726335526,
            -0.2412504069507122,
            -0.27891536355018615,
            -0.31921246349811555,
            -0.34605338275432584,
            -0.36764785796403887,
            -0.39942651987075806,
            -0.42694743573665617,
            -0.43889198154211045,
            -0.4627184674143791,
            -0.47255868911743165,
            -0.49602849781513214,
            -0.49656829833984373,
            -0.5100941702723503,
            -0.5149367421865463,
            -0.5252958118915558,
            -0.5154042556881905,
            []
        ],
        "bce_loss": [
            2.369423198699951,
            2.1218122363090517,
            1.8884355902671814,
            1.6766959607601166,
            1.4768907248973846,
            1.29308420419693,
            1.121134626865387,
            0.9645332157611847,
            0.8172624349594116,
            0.6957815170288086,
            0.5907281011343002,
            0.5093683987855911,
            0.44278402626514435,
            0.37209187150001527,
            0.31626663357019424,
            0.27041093781590464,
            0.23221648633480071,
            0.20606613010168076,
            0.18440703973174094,
            0.16570280268788337,
            0.15066028833389283,
            0.14284283332526684,
            0.13042599149048328,
            0.126610067486763,
            0.11922364421188832,
            0.11969064362347126,
            0.11706222221255302,
            0.1156056597828865,
            0.11081330217421055,
            0.11457821168005466,
            []
        ]
    }
}