{
    "train": {
        "dice": {
            "1": [
                0.009911159984767437,
                9.928813233273104e-05,
                0.023459438234567642
            ],
            "2": [
                0.0003599327174015343,
                0.1031736359000206,
                0.27994194626808167
            ],
            "3": [
                1.5103093810851266e-14,
                1.5113114210617284e-14,
                0.006733106914907694
            ],
            "4": [
                4.125412488065194e-06,
                2.080953275364686e-14,
                2.0820667848771464e-14
            ],
            "5": [
                0.011440768837928772,
                3.380902626304305e-06,
                0.1798328310251236
            ],
            "6": [
                0.0008182543679140508,
                1.2241295589763678e-14,
                0.07779358327388763
            ],
            "7": [
                0.005389766301959753,
                1.7497557564638555e-05,
                0.04078051075339317
            ],
            "8": [
                0.005145243369042873,
                1.7541489907759583e-14,
                3.5147593280271394e-06
            ],
            "9": [
                0.004165260586887598,
                2.1238863261423963e-14,
                2.1247979030002313e-14
            ],
            "10": [
                0.00034054843126796186,
                8.062110413943266e-14,
                8.060875778719348e-14
            ],
            "11": [
                0.00018632980936672539,
                4.187078743618511e-13,
                4.1914662387600166e-13
            ],
            "12": [
                1.7242820831597783e-05,
                1.185859814208448e-13,
                9.337068444803531e-12
            ],
            "13": [
                8.632410026621073e-05,
                1.9695274464060983e-14,
                0.0001456916652387008
            ],
            "14": [
                6.613756580158697e-14,
                6.612138408416263e-14,
                6.61371253444544e-14
            ],
            "15": [
                0.0002603021857794374,
                2.968239938777942e-14,
                2.968345648489759e-14
            ],
            "16": [
                0.007030768319964409,
                1.6725848001530527e-14,
                1.6725344863959858e-14
            ],
            "17": [
                0.00034045561915263534,
                9.934596891980618e-05,
                4.1477424657853854e-14
            ],
            "18": [
                0.001887884340249002,
                1.0187034186039459e-13,
                1.0274324658198983e-13
            ],
            "19": [
                0.0005556454416364431,
                1.4953717517723897e-13,
                1.494812981077745e-13
            ],
            "20": [
                0.005739534739404917,
                3.1068829692108835e-14,
                3.104568197572627e-14
            ],
            "21": [
                3.9663887037022505e-06,
                2.0128014110044196e-13,
                2.02626029019784e-13
            ],
            "22": [
                1.571684541410226e-13,
                1.5842839193314084e-13,
                1.5839074301270128e-13
            ],
            "23": [
                2.7145882655447984e-13,
                2.7446889704595134e-13,
                2.743709935897759e-13
            ],
            "24": [
                1.131490535044577e-05,
                6.075850678697106e-14,
                6.076331115784789e-14
            ],
            "25": [
                6.41465640370889e-14,
                6.512197329782907e-14,
                6.511815826143463e-14
            ]
        },
        "precision": {
            "1": [
                0.00872799102216959,
                0.10855263471603394,
                0.1055101603269577
            ],
            "2": [
                0.0025424377527087927,
                0.12703609466552734,
                0.18992285430431366
            ],
            "3": [
                0.0,
                0.0,
                0.19220338761806488
            ],
            "4": [
                0.0002272210840601474,
                0.0,
                0.0
            ],
            "5": [
                0.008125427179038525,
                1.0,
                0.15365853905677795
            ],
            "6": [
                0.0057093012146651745,
                0.0,
                0.19864553213119507
            ],
            "7": [
                0.004957167897373438,
                0.046875,
                0.07251428812742233
            ],
            "8": [
                0.004803539253771305,
                0.0,
                0.07692307978868484
            ],
            "9": [
                0.0028986665420234203,
                0.0,
                0.0
            ],
            "10": [
                0.0010957702761515975,
                0.0,
                0.0
            ],
            "11": [
                9.668788698036224e-05,
                0.0,
                0.0
            ],
            "12": [
                8.62489832798019e-06,
                0.0,
                0.0
            ],
            "13": [
                0.011276268400251865,
                0.0,
                0.25
            ],
            "14": [
                0.0,
                0.0,
                0.0
            ],
            "15": [
                0.004876991268247366,
                0.0,
                0.0
            ],
            "16": [
                0.00390302250161767,
                0.0,
                0.0
            ],
            "17": [
                0.0008078046375885606,
                0.024539876729249954,
                0.0
            ],
            "18": [
                0.0015808646567165852,
                0.0,
                0.0
            ],
            "19": [
                0.000363293569535017,
                0.0,
                0.0
            ],
            "20": [
                0.0036653969436883926,
                0.0,
                0.0
            ],
            "21": [
                2.198517222495866e-06,
                0.0,
                0.0
            ],
            "22": [
                0.0,
                0.0,
                0.0
            ],
            "23": [
                0.0,
                0.0,
                0.0
            ],
            "24": [
                8.207485370803624e-05,
                0.0,
                0.0
            ],
            "25": [
                0.0,
                0.0,
                0.0
            ]
        },
        "recall": {
            "1": [
                0.011465414427220821,
                4.9666781706037e-05,
                0.013196829706430435
            ],
            "2": [
                0.00019367568893358111,
                0.08685819804668427,
                0.532185971736908
            ],
            "3": [
                0.0,
                0.0,
                0.0034265718422830105
            ],
            "4": [
                2.0816030428250087e-06,
                0.0,
                0.0
            ],
            "5": [
                0.01932629384100437,
                1.6904541553230956e-06,
                0.21675503253936768
            ],
            "6": [
                0.00044070821604691446,
                0.0,
                0.04836766794323921
            ],
            "7": [
                0.0059050871059298515,
                8.750412234803662e-06,
                0.028366664424538612
            ],
            "8": [
                0.005539285484701395,
                0.0,
                1.7574197954672854e-06
            ],
            "9": [
                0.007397773209959269,
                0.0,
                0.0
            ],