{
    "train": {
        "total loss": [
            0.8927164804935456,
            0.3975449512898922,
            0.21701631918549538,
            []
        ],
        "CE loss": [
            0.6046841397881508,
            0.1383477333933115,
            0.07903547704219818,
            []
        ],
        "dice loss": [
            -0.0034346985607407988,
            -0.006886601087171584,
            -0.02098887755535543,
            []
        ],
        "CL-Dice Loss": [
            0.2914670416712761,
            0.2660838159918785,
            0.15896971955895423,
            []
        ]
    },
    "valid": {
        "total loss": [
            0.5431005746126175,
            0.2806690946221352,
            0.22744159772992134,
            []
        ],
        "CE loss": [
            0.2463768631219864,
            0.0963903859257698,
            0.07534289360046387,
            []
        ],
        "dice loss": [
            -0.0032743616378866137,
            -0.010144633008167148,
            -0.02587946904823184,
            []
        ],
        "CL-Dice Loss": [
            0.2999980762600899,
            0.19442334473133088,
            0.17797817215323447,
            []
        ]
    }
}