{
    "train": {
        "dice": [
            0.0028254755280628947,
            1.2036775359630025e-05,
            4.4358483520471474e-13,
            4.452649143490972e-13,
            4.452667215785935e-13,
            4.452717065030133e-13,
            4.4530454082041806e-13,
            4.452716308799118e-13,
            4.4529368185803426e-13,
            4.4527403997713905e-13,
            4.438967227986452e-13,
            4.4531638738933703e-13,
            4.4530277512941753e-13,
            4.45284764769504e-13,
            4.453072759236861e-13,
            4.452762564251928e-13,
            4.449815933140074e-13,
            4.453307499510412e-13,
            4.4597945450438594e-13,
            4.452800106107403e-13,
            4.4529862653144846e-13,
            4.4462127105478156e-13,
            4.4527371420826756e-13,
            4.452774698168304e-13,
            4.4529568631068196e-13,
            4.4529880356133444e-13,
            4.470161177658584e-13,
            4.452750848769828e-13,
            4.4525721908865273e-13,
            4.4526039319215663e-13
        ],
        "precision": [
            0.001765332493960159,
            0.0003153192484751344,
            0.0,
            0.0,
            0.0,
            0.0,
            0.0,
            0.0,
            0.0,
            0.0,
            0.0,
            0.0,
            0.0,
            0.0,
            0.0,
            0.0,
            0.0,
            0.0,
            0.0,
            0.0,
            0.0,
            0.0,
            0.0,
            0.0,
            0.0,
            0.0,
            0.0,
            0.0,
            0.0,
            0.0
        ],
        "recall": [
            0.023603028628649554,
            7.775570375088136e-06,
            0.0,
            0.0,
            0.0,
            0.0,
            0.0,
            0.0,
            0.0,
            0.0,
            0.0,
            0.0,
            0.0,
            0.0,
            0.0,
            0.0,
            0.0,
            0.0,
            0.0,
            0.0,
            0.0,
            0.0,
            0.0,
            0.0,
            0.0,
            0.0,
            0.0,
            0.0,
            0.0,
            0.0
        ]
    },
    "valid": {
        "dice": [
            9.105109188746775e-05,
            4.2089329715727303e-13,
            4.2089329715727303e-13,
            4.2089329715727303e-13,
            4.2089329715727303e-13,
            4.2089329715727303e-13,
            4.2089329715727303e-13,
            4.2089329715727303e-13,
            4.2089329715727303e-13,
            4.2089329715727303e-13,
            4.2089329715727303e-13,
            4.2089329715727303e-13,
            4.2089329715727303e-13,
            4.2089329715727303e-13,
            4.2089329715727303e-13,
            4.2089329715727303e-13,
            4.2089329715727303e-13,
            4.2089329715727303e-13,
            4.2089329715727303e-13,
            4.2089329715727303e-13,
            4.2089329715727303e-13,
            4.2089329715727303e-13,
            4.2089329715727303e-13,
            4.2089329715727303e-13,
            4.2089329715727303e-13,
            4.2089329715727303e-13,
            4.2089329715727303e-13,
            4.2089329715727303e-13,
            4.2089329715727303e-13,
            4.2089329715727303e-13
        ],
        "precision": [
            0.002562785877235001,
            0.0,
            0.0,
            0.0,
            0.0,
            0.0,
            0.0,
            0.0,
            0.0,
            0.0,
            0.0,
            0.0,
            0.0,
            0.0,
            0.0,
            0.0,
            0.0,
            0.0,
            0.0,
            0.0,
            0.0,
            0.0,
            0.0,
            0.0,
            0.0,
            0.0,
            0.0,
            0.0,
            0.0,
            0.0
        ],
        "recall": [
            5.769967847299995e-05,
            0.0,
            0.0,
            0.0,
            0.0,
            0.0,
            0.0,
            0.0,
            0.0,
            0.0,
            0.0,
            0.0,
            0.0,
            0.0,
            0.0,
            0.0,
            0.0,
            0.0,
            0.0,
            0.0,
            0.0,
            0.0,
            0.0,
            0.0,
            0.0,
            0.0,
            0.0,
            0.0,
            0.0,
            0.0
        ]
    }
}