{
    "train": {
        "total loss": [
            2.6627366447448733,
            0.7949269384145736,
            0.24995903372764589,
            0.22484105184674263,
            0.20274757713079453,
            0.18683715671300888,
            0.1764224299788475,
            0.16831839293241502,
            0.1625523756444454,
            0.15757011801004409,
            0.1542623981833458,
            0.15124495580792427,
            0.14926814638078212,
            0.14712847508490084,
            0.1458528006821871,
            0.14441592745482923,
            0.1431048507988453,
            0.14203923083841802,
            0.1412894744426012,
            0.14029271885752678,
            0.13904018111526967,
            0.13810029223561288,
            0.13722746193408966,
            0.13662722170352937,
            0.13582838103175163,
            0.13488570660352706,
            0.13386095240712165,
            0.13345568798482418,
            0.1326257947087288,
            0.13217256024479865,
            []
        ],
        "CE loss": [
            2.6651643455028533,
            0.7975454509258271,
            0.25236929520964624,
            0.22786443471908568,
            0.20851189911365509,
            0.19555623486638068,
            0.18610080629587172,
            0.179346711486578,
            0.17444104716181755,
            0.17021664783358573,
            0.16772309601306915,
            0.16514528706669807,
            0.16354552030563355,
            0.16192813456058502,
            0.1608515739440918,
            0.15958876565098762,
            0.15863352179527282,
            0.15769113384187222,
            0.1570232392847538,
            0.15616835467517376,
            0.15512146949768066,
            0.15444357968866826,
            0.15368757396936417,
            0.15324362739920616,
            0.1525683118402958,
            0.15182118974626063,
            0.15103382624685766,
            0.15064166761934758,
            0.15008829362690448,
            0.14942388765513898,
            []
        ],
        "dice loss": [
            -0.00242770416312851,
            -0.0026185139291919767,
            -0.0024102621618658305,
            -0.0030233824369497596,
            -0.005764321039896459,
            -0.008719078460708261,
            -0.009678376480005682,
            -0.01102831776253879,
            -0.011888672923669219,
            -0.012646529925987124,
            -0.013460697289556265,
            -0.013900331547483801,
            -0.014277374241501092,
            -0.014799659429118038,
            -0.014998773271217942,
            -0.015172837805002927,
            -0.015528671201318503,
            -0.015651903497055173,
            -0.01573376522399485,
            -0.015875636069104075,
            -0.016081288307905197,
            -0.01634328793734312,
            -0.016460111364722252,
            -0.01661640607751906,
            -0.01673993024043739,
            -0.01693548312410712,
            -0.01717287354171276,
            -0.017185978358611465,
            -0.017462499039247632,
            -0.017251327922567724,
            []
        ]
    },
    "valid": {
        "total loss": [
            1.6742011904716492,
            0.32262612879276276,
            0.25866500064730646,
            0.24587477818131448,
            0.21434919983148576,
            0.20010889768600465,
            0.19167991802096368,
            0.1804998569190502,
            0.17545756325125694,
            0.17031484395265578,
            0.16718168705701827,
            0.16501833721995354,
            0.16274941042065622,
            0.16126640811562537,
            0.1602895028889179,
            0.15853035748004912,
            0.15803418308496475,
            0.15694020241498946,
            0.15591021701693536,
            0.15516752302646636,
            0.15424633845686914,
            0.15358436852693558,
            0.1536531016230583,
            0.15283399745821952,
            0.1520795740187168,
            0.15202857851982116,
            0.15070170685648918,
            0.15064153745770453,
            0.14992098286747932,
            0.1496226482093334,
            []
        ],
        "CE loss": [
            1.6769375920295715,
            0.32508455365896227,
            0.26088442727923394,
            0.2492712289094925,
            0.2217857226729393,
            0.20949591174721718,
            0.20186337158083917,
            0.1925512082874775,
            0.18794818818569184,
            0.1836489424109459,
            0.18114751279354097,
            0.1792705275118351,
            0.17756956368684768,
            0.17639877200126647,
            0.17564112991094588,
            0.17418400570750237,
            0.17377921864390372,
            0.17290249615907669,
            0.17208399027585983,
            0.17144409120082854,
            0.17076839059591292,
            0.17018012329936028,
            0.17031160965561867,
            0.1695929780602455,
            0.16909231022000312,
            0.1690194897353649,
            0.16802410110831262,
            0.1680083304643631,
            0.16742577254772187,
            0.16724464148283005,
            []
        ],
        "dice loss": [
            -0.002736397483386099,
            -0.002458424400538206,
            -0.002219427179079503,
            -0.0033964507048949598,
            -0.007436523679643869,
            -0.009387015411630274,
            -0.010183453420177102,
            -0.012051351182162762,
            -0.012490625074133278,
            -0.013334097294136881,
            -0.013965824991464615,
            -0.014252191688865424,
            -0.014820154057815671,
            -0.015132364770397543,
            -0.01535162702202797,
            -0.015653649903833868,
            -0.015745035326108336,
            -0.015962293511256574,
            -0.016173774423077703,
            -0.016276570269837976,
            -0.016522051161155106,
            -0.016595753422006965,
            -0.016658506309613585,
            -0.016758980927988887,
            -0.017012735782191157,
            -0.01699091182090342,
            -0.01732239327393472,
            -0.017366793239489198,
            -0.017504789959639312,
            -0.01762199215590954,
            []
        ]
    }
}