{
    "train": [
        0.00368483605463809,
        0.009528699184911876,
        0.012521270622567955,
        0.0122660539441135,
        0.015795957875610986,
        0.019925376111260218,
        0.022449416743661105,
        0.03810892001046701,
        0.05328438706498486,
        0.05938995414545406,
        0.06478253888047086,
        0.07415018003015417,
        0.11027190540388394,
        0.1737126221011477,
        0.2110867626049759,
        0.24416363798358615,
        0.2706902507177458,
        0.29472213826535315,
        0.3129398691658591,
        0.3365667223934745,
        0.34488513946577065,
        0.34924782544418237,
        0.3574522817139234,
        0.37003012776418587,
        0.3751539683346357,
        0.38040147781415845,
        0.38528163355178074,
        0.3900751901329132,
        0.3948008044237129,
        0.4133750897650292
    ],
    "valid": [
        0.005722276744384155,
        0.013267007952337682,
        0.013064587138870775,
        0.013234541769850863,
        0.01766234227208585,
        0.022190697840850523,
        0.02281637152521314,
        0.03790369373115667,
        0.054198715990583214,
        0.050016916931735086,
        0.06501242989245705,
        0.07276724587231435,
        0.13227536395114362,
        0.20157212659522744,
        0.19554533490950102,
        0.23337706934699645,
        0.27018706804703757,
        0.2629286646998145,
        0.29674744367637973,
        0.3038901925090824,
        0.3082861042026554,
        0.2805447340015403,
        0.3273395371440879,
        0.3296903407577506,
        0.3325563180450431,
        0.32509722709693806,
        0.33641595482863773,
        0.3356438572102007,
        0.3331397612769033,
        0.3494569362703588
    ]
}