{
    "train": {
        "loss": [
            2.9464360523223876,
            2.539611735343933,
            2.2749965834617614,
            2.028449447154999,
            1.791490089893341,
            1.5633765852451325,
            1.3497478199005126,
            1.1499828898906708,
            0.9644625604152679,
            0.8008115637302399,
            0.6580250322818756,
            0.5249836951494217,
            0.39213134557008744,
            0.2596925468742847,
            0.12543755099177362,
            0.01967371955513954,
            -0.07989411592483521,
            -0.1675308409333229,
            -0.23859544932842255,
            -0.3125550475716591,
            -0.3704098546504974,
            -0.4077834898233414,
            -0.4341077634692192,
            -0.47900546073913575,
            -0.508292815387249,
            -0.5339147883653641,
            -0.5559160077571869,
            -0.5767296037077904,
            -0.5860413172841072,
            -0.6090973177552224,
            []
        ],
        "dice_loss": [
            -0.01161210933700204,
            -0.01297208740375936,
            -0.013917004875838756,
            -0.014463469628244638,
            -0.016194455893710255,
            -0.019764387169852852,
            -0.023898859899491073,
            -0.03217430900782347,
            -0.04440476082265377,
            -0.05756879173219204,
            -0.07354494091123343,
            -0.09698128428310156,
            -0.13787407472729682,
            -0.1882924821972847,
            -0.24571259543299676,
            -0.29186957523226736,
            -0.3424221667647362,
            -0.3919386079907417,
            -0.4320099925994873,
            -0.47952414870262144,
            -0.5162173542380333,
            -0.5398077929019928,
            -0.5572799682617188,
            -0.5901982948184014,
            -0.6114715164899827,
            -0.629971774816513,
            -0.6457186716794968,
            -0.6609028607606888,
            -0.6676450204849244,
            -0.6857428056001663,
            []
        ],
        "bce_loss": [
            2.958048164844513,
            2.5525838279724122,
            2.2889135837554933,
            2.042912917137146,
            1.8076845490932465,
            1.5831409776210785,
            1.3736466729640961,
            1.1821571934223174,
            1.0088673186302186,
            0.8583803540468216,
            0.731569973230362,
            0.6219649815559387,
            0.5300054204463959,
            0.44798502802848816,
            0.37115014642477034,
            0.31154329478740694,
            0.262528050839901,
            0.22440776661038397,
            0.193414543569088,
            0.16696910157799721,
            0.1458074989914894,
            0.13202430196106435,
            0.1231722055375576,
            0.1111928341537714,
            0.10317870177328586,
            0.09605698943138123,
            0.08980266384780407,
            0.08417325634509325,
            0.08160370144993066,
            0.07664548732340336,
            []
        ]
    },
    "valid": {
        "loss": [
            2.676964259147644,
            2.4020190477371215,
            2.1507458090782166,
            1.911959207057953,
            1.6775055408477784,
            1.4572543919086456,
            1.2531882226467133,
            1.064877700805664,
            0.8939554572105408,
            0.7571200281381607,
            0.613470834493637,
            0.49437465518713,
            0.3694148287177086,
            0.23521458953619004,
            0.14336488172411918,
            0.03911892920732498,
            -0.0447619155049324,
            -0.09483031556010246,
            -0.16739141568541527,
            -0.21475360319018363,
            -0.2598606310784817,
            -0.2265591762959957,
            -0.31355401799082755,
            -0.33800628036260605,
            -0.36190703958272935,
            -0.35465266555547714,
            -0.3844706267118454,
            -0.39064212441444396,
            -0.38650789856910706,
            -0.40508888810873034,
            []
        ],
        "dice_loss": [
            -0.011070669861510396,
            -0.012489876244217157,
            -0.012823191424831747,
            -0.013478810898959637,
            -0.01623867587186396,
            -0.019287658855319023,
            -0.02384520275518298,
            -0.031772594153881076,
            -0.04181064739823341,
            -0.04820600803941488,
            -0.0693221701309085,
            -0.08925038985908032,
            -0.13043118007481097,
            -0.18447366878390312,
            -0.2126285545527935,
            -0.2618544608354568,
            -0.30244212597608566,
            -0.32546732276678086,
            -0.3691797375679016,
            -0.39507593512535094,
            -0.42258589118719103,
            -0.395816969871521,
            -0.457610784471035,
            -0.47564463019371034,
            -0.4918905049562454,
            -0.48630754500627515,
            -0.5076734557747841,
            -0.5126075148582458,
            -0.5085470512509346,
            -0.5243331953883171,
            []
        ],
        "bce_loss": [
            2.6880349278450013,
            2.4145089030265807,
            2.1635690093040467,
            1.9254380226135255,
            1.6937442243099212,
            1.4765420436859131,
            1.2770334243774415,
            1.096650278568268,
            0.9357661038637162,
            0.8053260385990143,
            0.6827930033206939,
            0.5836250454187393,
            0.4998460069298744,
            0.4196882590651512,
            0.3559934362769127,
            0.30097339004278184,
            0.25768021047115325,
            0.2306370072066784,
            0.20178832113742828,
            0.18032233119010926,
            0.1627252608537674,
            0.1692577965557575,
            0.14405676759779454,
            0.1376383513212204,
            0.12998346909880637,
            0.131654879078269,
            0.12320282831788062,
            0.12196539267897606,
            0.12203915156424046,
            0.11924430653452874,
            []
        ]
    }
}