{
    "train": [
        0.003938178932367009,
        0.009617397430099794,
        0.0256295680422,
        0.027456391924318927,
        0.02792010876648873,
        0.031694323929702735,
        0.030901725393566632,
        0.027529329299292537,
        0.025487893051910456,
        0.041170117871721014,
        0.08633337448526164,
        0.11307992739794072,
        0.14089960966536208,
        0.16439617397656953,
        0.20115653715735285,
        0.2175483679775837,
        0.2186988767220505,
        0.25019056797071565,
        0.2916264772419559,
        0.29724952459379306,
        0.305168089867078,
        0.30724700927778353,
        0.3136449191909944,
        0.32315376222177383,
        0.3583532333378397,
        0.36590230703397614,
        0.3727348017696939,
        0.3754529668558097,
        0.38460156619592445,
        0.4001842629913881
    ],
    "valid": [
        0.006459861683474665,
        0.010850845467814441,
        0.027776906403150507,
        0.030758113488960435,
        0.030188609423755276,
        0.03371237755968395,
        0.03254376351874741,
        0.03151514701200005,
        0.035530217683670075,
        0.059491339931086344,
        0.10046392065876314,
        0.12172093387005606,
        0.1408364254740788,
        0.17496963501016313,
        0.21224397301713638,
        0.20924257755319292,
        0.2069256330564836,
        0.264046821594628,
        0.2723243474964224,
        0.27051890134850376,
        0.2724570775035941,
        0.27783218860665193,
        0.27904951438346187,
        0.3056576025489786,
        0.32459357738532807,
        0.3289978706840494,
        0.32951372504272247,
        0.31956924185194335,
        0.33883543729819615,
        0.34115614295043306
    ]
}