{
    "train": {
        "loss": [
            2.719238650798798,
            2.3574553084373475,
            2.1480327582359315,
            1.94918555021286,
            1.7536679089069367,
            1.5551431691646576,
            1.3586510002613068,
            1.156662814617157,
            0.9776708912849427,
            0.813007687330246,
            0.662258877158165,
            0.522833394408226,
            0.3838777831196785,
            0.25806954577565194,
            0.13581281676888465,
            0.031022183299064636,
            -0.04399197250604629,
            -0.12324865818023682,
            -0.2068676495552063,
            -0.2657104344666004,
            -0.32005940362811086,
            -0.3546647983789444,
            -0.3939575108885765,
            -0.41296844467520716,
            -0.46014359533786775,
            -0.49720933586359023,
            -0.5274593296647072,
            -0.546770123243332,
            -0.5649266037344932,
            -0.5885122486948967,
            []
        ],
        "dice_loss": [
            -0.011754037346690893,
            -0.012640205519273877,
            -0.015315442709252239,
            -0.019174132458865643,
            -0.022711473889648913,
            -0.026301912553608416,
            -0.028157834243029357,
            -0.030858488045632838,
            -0.034791858345270155,
            -0.042357977330684665,
            -0.06402403343468904,
            -0.09500788394361734,
            -0.13680690422654151,
            -0.17968726895749568,
            -0.22975205436348914,
            -0.2749107754230499,
            -0.30659733518958093,
            -0.3485385090112686,
            -0.40300202190876006,
            -0.43920360893011096,
            -0.4736179900169373,
            -0.49444602221250533,
            -0.521179504096508,
            -0.5322069427371026,
            -0.5699206262826919,
            -0.599137915968895,
            -0.6215218597650528,
            -0.6357747888565064,
            -0.6499739867448807,
            -0.6686210972070694,
            []
        ],
        "bce_loss": [
            2.730992693901062,
            2.370095520019531,
            2.163348205089569,
            1.9683596861362458,
            1.776379383802414,
            1.5814450800418853,
            1.3868088328838348,
            1.187521300315857,
            1.0124627453088761,
            0.8553656619787217,
            0.7262829089164734,
            0.617841277718544,
            0.5206846880912781,
            0.43775681525468824,
            0.3655648711323738,
            0.30593295872211457,
            0.2626053626835346,
            0.2252898508310318,
            0.19613437339663506,
            0.17349317461252212,
            0.15355858847498893,
            0.13978122241795063,
            0.12722199358046055,
            0.11923850007355213,
            0.10977703079581261,
            0.10192858144640922,
            0.09406253084540367,
            0.08900466661900282,
            0.0850473840907216,
            0.08010884962975978,
            []
        ]
    },
    "valid": {
        "loss": [
            2.46897953748703,
            2.2494143724441527,
            2.0443933725357057,
            1.852963387966156,
            1.6518663942813874,
            1.4593751013278962,
            1.2561784267425538,
            1.0658540904521943,
            0.8996878355741501,
            0.744641637802124,
            0.6082897752523422,
            0.4678331300616264,
            0.3515630915760994,
            0.23726948946714402,
            0.1261533170938492,
            0.04335678294301033,
            -0.014786185324192047,
            -0.08862214311957359,
            -0.14798893332481383,
            -0.1831681877374649,
            -0.22397927194833755,
            -0.25247827246785165,
            -0.27204019501805304,
            -0.29489575549960134,
            -0.33734120875597,
            -0.3562528893351555,
            -0.36679808497428895,
            -0.3557778298854828,
            -0.3875137686729431,
            -0.3943232730031013,
            []
        ],
        "dice_loss": [
            -0.010803225543349981,
            -0.01268782508559525,
            -0.016796518210321666,
            -0.019835335854440927,
            -0.02367537971585989,
            -0.026039961818605663,
            -0.028312845807522535,
            -0.031320275831967594,
            -0.03299948312342167,
            -0.04522974006831646,
            -0.06713013872504234,
            -0.10300455540418625,
            -0.13710809908807278,
            -0.1706687331199646,
            -0.21688928604125976,
            -0.2482366181910038,
            -0.2726440139114857,
            -0.3133723795413971,
            -0.34829422682523725,
            -0.3698990225791931,
            -0.39332557320594785,
            -0.40904408544301984,
            -0.4187970355153084,
            -0.43627371490001676,
            -0.46884720474481584,
            -0.4839168757200241,
            -0.4915102243423462,
            -0.48186701238155366,
            -0.5068893581628799,
            -0.5131058186292649,
            []
        ],
        "bce_loss": [
            2.479782736301422,
            2.262102198600769,
            2.061189889907837,
            1.8727987349033355,
            1.6755417823791503,
            1.4854150772094727,
            1.2844912707805634,
            1.0971743702888488,
            0.932687321305275,
            0.7898713797330856,
            0.6754199147224427,
            0.5708376884460449,
            0.48867119401693343,
            0.4079382225871086,
            0.3430426031351089,
            0.2915934011340141,
            0.2578578285872936,
            0.2247502364218235,
            0.20030529350042342,
            0.18673083409667016,
            0.16934630200266837,
            0.15656581223011018,
            0.14675684198737143,
            0.14137796200811864,
            0.13150599971413612,
            0.12766398526728154,
            0.1247121386229992,
            0.12608918137848377,
            0.11937559023499489,
            0.11878255270421505,
            []
        ]
    }
}