{
    "train": {
        "dice": [
            0.0011680501531534304,
            0.000642915517536465,
            0.007402408974456582,
            0.0058473353837402075,
            0.00509482860609666,
            0.005308757424799339,
            0.00564429462000576,
            0.005552358031717712,
            0.005658811888868888,
            0.005696936566826888,
            0.0064130818103225636,
            0.008027350306955481,
            0.013907741308656529,
            0.014201475978341847,
            0.017502888441529668,
            0.017690650225129872,
            0.0195361512903841,
            0.019268746376481842,
            0.019566402435746935,
            0.019470915794816832,
            0.019267312288728567,
            0.01841838121458609,
            0.019037095308748378,
            0.01910019278570725,
            0.0186535769705446,
            0.018561337590661815,
            0.019273288846459867,
            0.018622180223908828,
            0.018637905121293482,
            0.018958050609078472
        ],
        "precision": [
            0.0019787115904910026,
            0.005019373893737793,
            0.010674898624420165,
            0.010449859499931335,
            0.003310747742652893,
            0.0033608511090278625,
            0.0035034218430519105,
            0.003382572829723358,
            0.02480429083108902,
            0.01815506011247635,
            0.02028481662273407,
            0.017480192482471468,
            0.015971205234527587,
            0.014859276711940766,
            0.014831752479076386,
            0.013164060711860657,
            0.013845803737640381,
            0.013104991316795348,
            0.01294794499874115,
            0.012764214873313903,
            0.01263634979724884,
            0.012077740430831908,
            0.012453011870384216,
            0.012531211376190185,
            0.012255841493606567,
            0.012250069975852967,
            0.01272636353969574,
            0.01252676546573639,
            0.012625073194503783,
            0.012735347747802734
        ],
        "recall": [
            0.001583705996581557,
            0.00034345366060733795,
            0.007943671814282426,
            0.010323174241930246,
            0.011048704385757446,
            0.012627487182617187,
            0.014512758255004882,
            0.015486021041870118,
            0.016004414668423124,
            0.01579014625400305,
            0.01764673352241516,
            0.01952656552195549,
            0.0244869726896286,
            0.02405315339565277,
            0.029206295013427735,
            0.03141161918640137,
            0.03592948079109192,
            0.037421267032623294,
            0.040034571886062624,
            0.0412907874584198,
            0.04128958225250244,
            0.041444302797317506,
            0.04317005634307861,
            0.043058404922485354,
            0.04297299146652222,
            0.04291023254394531,
            0.043114811182022095,
            0.04278333067893982,
            0.04283421158790588,
            0.04387338399887085
        ]
    },
    "valid": {
        "dice": [
            4.2089307896158585e-13,
            0.0028118512038596954,
            0.008524396121917738,
            0.005073990226210566,
            0.005198282003821345,
            0.0064914053682698925,
            0.006163941026152583,
            0.007034613490523311,
            0.006294848323286981,
            0.0069176333960578595,
            0.008239784259764925,
            0.008545484543262498,
            0.013469439149318705,
            0.015122660398899089,
            0.015316513777194986,
            0.01743311643642045,
            0.01771054804366685,
            0.018252501488147745,
            0.016076851487575542,
            0.017047970891414653,
            0.016380723715244305,
            0.015777969956813822,
            0.017395376563488017,
            0.018931591511188516,
            0.01882033944171525,
            0.01744500517886735,
            0.018728599548755654,
            0.0171081978086815,
            0.01852973222774125,
            0.020250575542865766
        ],
        "precision": [
            0.0,
            0.00474337100982666,
            0.008914548456668853,
            0.003394571542739868,
            0.0034061715006828306,
            0.0040993249416351315,
            0.0038494604825973513,
            0.0043529334664344785,
            0.00388008326292038,
            0.017676246464252473,
            0.019485344886779787,
            0.01773709088563919,
            0.01667471319437027,
            0.012088536620140075,
            0.01095321387052536,
            0.012816316485404967,
            0.012255116403102874,
            0.012404995858669282,
            0.010596614480018616,
            0.011131471991539,
            0.010862910449504852,
            0.010426869690418243,
            0.011663798391819,
            0.012753732204437256,
            0.012664197683334351,
            0.01159686267375946,
            0.012636914253234863,
            0.011618182063102722,
            0.012658746838569641,
            0.01382117509841919
        ],
        "recall": [
            0.0,
            0.0019981829822063447,
            0.009778284281492234,
            0.010042266845703125,
            0.010969995260238648,
            0.015586743354797363,
            0.01545807957649231,
            0.018322300910949708,
            0.016668416261672973,
            0.018732139300554992,
            0.0230649530608207,
            0.01629540219902992,
            0.022948208153247832,
            0.02877969741821289,
            0.029745289087295533,
            0.030575220584869386,
            0.032398545742034913,
            0.0345999276638031,
            0.0341401469707489,
            0.03680215120315552,
            0.035527400970458985,
            0.03637514293193817,
            0.03672457098960877,
            0.03991795182228088,
            0.039229371547698975,
            0.03904886960983276,
            0.03942485332489014,
            0.03847859680652618,
            0.040490155816078184,
            0.04148934006690979
        ]
    }
}