{
    "train": {
        "total loss": [
            0.49470812946557996,
            0.17177354753017426,
            0.1423282476514578,
            0.1278982362896204,
            0.12009097695350647,
            0.1158336103707552,
            0.11219427183270454,
            0.10813840843737126,
            0.1061448959261179,
            0.10360974457114935,
            0.10159774407744408,
            0.09982988722622395,
            0.09933399021625519,
            0.09734663266688585,
            0.09625374242663383,
            0.09474317461252213,
            0.09412270501255988,
            0.09348242498934269,
            0.09208220034837723,
            0.09092417500913143,
            0.0902404984086752,
            0.08926719289273023,
            0.08833737403154374,
            0.08725858282297849,
            0.08671758908778429,
            0.08625953186303377,
            0.08884063951671123,
            0.08720326017588377,
            0.08574053194373846,
            0.08377323038876057,
            []
        ],
        "CE loss": [
            0.49935054004192353,
            0.18156018391251563,
            0.15849845811724664,
            0.14747112430632114,
            0.14141496241092683,
            0.13830645203590394,
            0.1354354889690876,
            0.1326783787459135,
            0.13100455999374389,
            0.1291198919713497,
            0.1276811070740223,
            0.12651501379907132,
            0.12575922422111036,
            0.12446639239788056,
            0.12366965278983116,
            0.12251469366252422,
            0.12193061031401158,
            0.1216735777258873,
            0.12053320944309234,
            0.11991452299058437,
            0.11929086074233056,
            0.11849705047905446,
            0.11790334597229958,
            0.1170910994708538,
            0.11680332824587822,
            0.11654907815158368,
            0.11873353183269501,
            0.11764892533421517,
            0.11657079242169857,
            0.11544122964143753,
            []
        ],
        "dice loss": [
            -0.004642413684632629,
            -0.009786636587232351,
            -0.016170210037380457,
            -0.019572888519614935,
            -0.021323985047638418,
            -0.02247284147888422,
            -0.02324121681973338,
            -0.024539969693869353,
            -0.024859664048999548,
            -0.02551014706492424,
            -0.026083362959325312,
            -0.026685126274824143,
            -0.02642523415386677,
            -0.027119759768247605,
            -0.02741591038182378,
            -0.027771519273519518,
            -0.02780790511518717,
            -0.028191153071820737,
            -0.028451009225100278,
            -0.02899034809321165,
            -0.029050362687557937,
            -0.029229857455939055,
            -0.029565971679985523,
            -0.029832516517490148,
            -0.03008573906496167,
            -0.030289546474814414,
            -0.029892892464995383,
            -0.030445665195584296,
            -0.030830260068178177,
            -0.03166799923405051,
            []
        ]
    },
    "valid": {
        "total loss": [
            0.194431059807539,
            0.17414965257048606,
            0.14733793213963509,
            0.1373215105384588,
            0.13034641668200492,
            0.1268304418772459,
            0.12519242353737353,
            0.1238538209348917,
            0.12174015082418918,
            0.12101842537522316,
            0.11936314515769482,
            0.1202692598104477,
            0.11687931828200818,
            0.11899399198591709,
            0.11880507208406925,
            0.11567257307469844,
            0.1170787662267685,
            0.11935232914984226,
            0.11612156890332699,
            0.11820159368216991,
            0.11699408888816834,
            0.11440390981733799,
            0.12038710340857506,
            0.12039067707955838,
            0.11711208708584309,
            0.11730827614665032,
            0.11327606067061424,
            0.11363685056567192,
            0.11489023491740227,
            0.11734975166618825,
            []
        ],
        "CE loss": [
            0.20216943919658661,
            0.18771227374672889,
            0.16624548211693763,
            0.15824299529194832,
            0.15259903371334077,
            0.15018561705946923,
            0.14923330768942833,
            0.14832671359181404,
            0.14670108444988728,
            0.14645758867263795,
            0.1452765867114067,
            0.1458125587552786,
            0.14303918965160847,
            0.14576357938349246,
            0.1456743735820055,
            0.1425801258534193,
            0.14430465064942838,
            0.14638619795441626,
            0.14348695576190948,
            0.14588803984224796,
            0.14486082568764685,
            0.14237337782979012,
            0.148405122384429,
            0.14871463365852833,
            0.1452578242868185,
            0.14581363014876841,
            0.14169820100069047,
            0.14273023828864098,
            0.144357443228364,
            0.14725723452866077,
            []
        ],
        "dice loss": [
            -0.00773838113527745,
            -0.01356262071058154,
            -0.018907549418509008,
            -0.02092148382216692,
            -0.02225261749699712,
            -0.023355175741016865,
            -0.02404088405892253,
            -0.024472893215715885,
            -0.024960933439433574,
            -0.025439163018018008,
            -0.025913441460579632,
            -0.025543299224227666,
            -0.02615987081080675,
            -0.026769586838781834,
            -0.026869301777333023,
            -0.02690755221992731,
            -0.02722588451579213,
            -0.0270338692702353,
            -0.027365386858582495,
            -0.027686446625739335,
            -0.02786673782393336,
            -0.027969467733055354,
            -0.028018019441515208,
            -0.028323956206440924,
            -0.02814573599025607,
            -0.028505354095250367,
            -0.028422140795737506,
            -0.02909338688477874,
            -0.029467208497226238,
            -0.029907482862472533,
            []
        ]
    }
}