{
    "train": [
        0.008326851026076372,
        0.024263758397585967,
        0.027627739171072814,
        0.02716924746561298,
        0.027861889647159254,
        0.02670975340776969,
        0.08713879915392889,
        0.13038579539671347,
        0.14399005943103135,
        0.17255590432698015,
        0.21222843802111832,
        0.23011526528265883,
        0.24636559066406657,
        0.26284033685286184,
        0.2970066277681347,
        0.2984235382084476,
        0.30851215949136734,
        0.3145429021194307,
        0.3178350690942919,
        0.3264524143938635,
        0.3529845750336252,
        0.3740260493759714,
        0.38092051148458345,
        0.38480784654661043,
        0.388265019655665,
        0.3895988094811045,
        0.39190201520963536,
        0.3962838693177036,
        0.4119878790718186,
        0.4320372647051382
    ],
    "valid": [
        0.01846322224961955,
        0.025093109868667342,
        0.025187255986311333,
        0.02643426257471433,
        0.025724664126512416,
        0.02851418743166287,
        0.11731012862442926,
        0.13370810184604792,
        0.1620808277559409,
        0.16859883021461028,
        0.22159798528106742,
        0.22917044514130658,
        0.2331422545299106,
        0.25962280150381273,
        0.2733575832847678,
        0.27665213346520295,
        0.28383578536255527,
        0.27534181619799936,
        0.28801034866870623,
        0.29834469258823676,
        0.3223176264766672,
        0.3308220648769358,
        0.33002160072364595,
        0.3353822040561655,
        0.33011878728904515,
        0.3287310636047342,
        0.32909957408942964,
        0.3348127502008774,
        0.3546344066787479,
        0.3628169304136155
    ]
}