{
    "train": {
        "loss": [
            2.7007312560081482,
            2.223399143218994,
            1.9547623991966248,
            1.713362101316452,
            1.4720552229881287,
            1.2439793634414673,
            1.0242105269432067,
            0.8114345574378967,
            0.6332483100891113,
            0.48026535272598264,
            0.33638958632946014,
            0.20239490285515785,
            0.08037584006786347,
            -0.01851916953921318,
            -0.11605982303619385,
            -0.1807049448788166,
            -0.24781258672475814,
            -0.3029374372959137,
            -0.343767159730196,
            -0.3908034405112267,
            -0.42816330909729006,
            -0.4681312683224678,
            -0.5024338981509209,
            -0.5280680757761002,
            -0.5510359328985214,
            -0.5644972839951515,
            -0.579306058883667,
            -0.5993686780333519,
            -0.6209136778116227,
            -0.6403117713332176,
            []
        ],
        "dice_loss": [
            -0.015015450799837708,
            -0.01865812996402383,
            -0.02012533325701952,
            -0.021120077846571803,
            -0.023654885496944188,
            -0.027738769762217997,
            -0.047146545220166446,
            -0.08787940204143524,
            -0.11736953385174274,
            -0.15022203870117665,
            -0.19436584673821927,
            -0.2436108972132206,
            -0.29359722197055815,
            -0.33567425176501275,
            -0.38501272022724153,
            -0.4148480460047722,
            -0.45055422723293304,
            -0.4800118044018745,
            -0.5017176461219788,
            -0.5308162760734558,
            -0.5549661639332771,
            -0.5849772116541863,
            -0.6096253651380539,
            -0.6276112133264542,
            -0.6441209343075752,
            -0.6529050731658935,
            -0.6633029061555863,
            -0.6779972791671753,
            -0.694975745677948,
            -0.711104279756546,
            []
        ],
        "bce_loss": [
            2.71574672460556,
            2.242057285308838,
            1.9748877274990082,
            1.734482182264328,
            1.4957101118564606,
            1.2717181324958802,
            1.0713570702075959,
            0.8993139612674713,
            0.7506178438663482,
            0.6304873931407928,
            0.5307554322481155,
            0.4460057997703552,
            0.3739730620384216,
            0.3171550822257996,
            0.2689528973400593,
            0.23414310112595557,
            0.20274163991212846,
            0.17707436710596083,
            0.15795048609375953,
            0.1400128348916769,
            0.1268028561770916,
            0.11684594333171844,
            0.10719146646559238,
            0.09954313524067401,
            0.0930850026011467,
            0.0884077912941575,
            0.08399684838950634,
            0.07862860552966594,
            0.07406206775456667,
            0.0707925059273839,
            []
        ]
    },
    "valid": {
        "loss": [
            2.3862874269485475,
            2.0884700536727907,
            1.8312745928764342,
            1.5979829907417298,
            1.3608213424682618,
            1.143463933467865,
            0.9317124158143997,
            0.7452777266502381,
            0.5824234098196029,
            0.4391147613525391,
            0.2960549220442772,
            0.1854275017976761,
            0.09580023661255836,
            0.010691361129283905,
            -0.05730352103710175,
            -0.11366997212171555,
            -0.17483596727252007,
            -0.1793319307267666,
            -0.2393585167825222,
            -0.2711541555821896,
            -0.28692484796047213,
            -0.326837021112442,
            -0.3348912835121155,
            -0.35709132105112074,
            -0.35642907619476316,
            -0.3681733593344688,
            -0.36900794357061384,
            -0.3962529689073563,
            -0.4114120602607727,
            -0.41612500697374344,
            []
        ],
        "dice_loss": [
            -0.016070924140512942,
            -0.016742690885439514,
            -0.01854314412921667,
            -0.019597357604652643,
            -0.021905058808624745,
            -0.02839489784091711,
            -0.05636484259739518,
            -0.08435775525867939,
            -0.11163262948393822,
            -0.14839844331145285,
            -0.1950493261218071,
            -0.23139023780822754,
            -0.26459707245230674,
            -0.2984383687376976,
            -0.3277210533618927,
            -0.35135862082242963,
            -0.38354501873254776,
            -0.37666859924793245,
            -0.41471369117498397,
            -0.43101169615983964,
            -0.4407361850142479,
            -0.4691966637969017,
            -0.47344310879707335,
            -0.4883993357419968,
            -0.48719941079616547,
            -0.4957386404275894,
            -0.49456256479024885,
            -0.515560944378376,
            -0.5273473158478736,
            -0.5305026292800903,
            []
        ],
        "bce_loss": [
            2.402358376979828,
            2.1052127361297606,
            1.8498177468776702,
            1.61758034825325,
            1.382726389169693,
            1.171858835220337,
            0.9880772560834885,
            0.82963547706604,
            0.6940560430288315,
            0.5875131994485855,
            0.4911042511463165,
            0.4168177396059036,
            0.3603973090648651,
            0.3091297298669815,
            0.27041753232479093,
            0.2376886487007141,
            0.2087090514600277,
            0.19733666852116585,
            0.17535517364740372,
            0.15985754504799843,
            0.15381134115159512,
            0.14235964380204677,
            0.138551826402545,
            0.13130801245570184,
            0.1307703386992216,
            0.12756528109312057,
            0.1255546197295189,
            0.1193079736083746,
            0.11593525595963002,
            0.11437762305140495,
            []
        ]
    }
}