{
    "train": [
        0.002534600823266853,
        0.0013164510859312313,
        0.0017232876768654031,
        0.0003282569423956239,
        1.046869641384086e-05,
        0.006424589874317166,
        0.008547772857571702,
        0.02523715700505767,
        0.04445695649934816,
        0.1319769489159128,
        0.18483600169463812,
        0.23031152363910443,
        0.2718447196487989,
        0.30148846292912024,
        0.32836632251783276,
        0.3378357863430586,
        0.3407407745746564,
        0.37071779099336033,
        0.38341021474803033,
        0.3933137393002064,
        0.405834915784792,
        0.40655673980756113,
        0.4188784909252674,
        0.41704986798503574,
        0.4160226881508381,
        0.4199969816212208,
        0.43276189970375767,
        0.4410871605504441,
        0.4434336987194844,
        0.4495532085114035
    ],
    "valid": [
        0.0006053380957697754,
        0.0013818830317964617,
        0.0002504824638083225,
        4.206005357366982e-13,
        5.613448414998785e-07,
        0.0061846922466585776,
        0.010464846468944211,
        0.036361808511838824,
        0.08467360127989892,
        0.1600960743431288,
        0.2096440160278435,
        0.22354808568993442,
        0.2530387330059134,
        0.29273129403629217,
        0.2991113376621238,
        0.3120725405220023,
        0.3207590180639055,
        0.3385575511310121,
        0.34618850022590364,
        0.3581782418493053,
        0.35926538348233905,
        0.36455763936078756,
        0.36228089332616537,
        0.36587593019044606,
        0.36313487291372026,
        0.3667033731941005,
        0.36696978211438863,
        0.3679892337325832,
        0.36845665931737626,
        0.3699465158305743
    ]
}