{
    "train": {
        "loss": [
            2.6676397812366486,
            2.1555492436885832,
            1.7624271738529205,
            1.4089420264959336,
            1.1032892262935639,
            0.848976520895958,
            0.6415904939174653,
            0.4652174024283886,
            0.3208720024675131,
            0.16758726559579373,
            0.01735186092555523,
            -0.1334579998254776,
            -0.2616620195657015,
            -0.35507555954158304,
            -0.42999517776072027,
            -0.4777989971637726,
            -0.5001951561868191,
            -0.5410081712901592,
            -0.5622331148386002,
            -0.5750663685798645,
            -0.5995583622157574,
            -0.6060378646850586,
            -0.6290412852168084,
            -0.6287860694527626,
            -0.6324188220500946,
            -0.6352715623378754,
            -0.6648792736232281,
            -0.678733489215374,
            -0.6845633439719677,
            -0.6974235865473747,
            []
        ],
        "dice_loss": [
            -0.010921709530521184,
            -0.01120007136836648,
            -0.012310169348493218,
            -0.01312603620812297,
            -0.014372819433920086,
            -0.016537904581055043,
            -0.02727994547225535,
            -0.049361426010727884,
            -0.08721680855378508,
            -0.1558984643407166,
            -0.24310308419167995,
            -0.33846254646778107,
            -0.4223085114359856,
            -0.4879192551970482,
            -0.5448005919158458,
            -0.5798319827020169,
            -0.5955540259182454,
            -0.6274437537789345,
            -0.6441213345527649,
            -0.6541383723914623,
            -0.6741829109191895,
            -0.6797893482446671,
            -0.6984028568863869,
            -0.6986670204997063,
            -0.7015283051133155,
            -0.703081387579441,
            -0.7279207554459571,
            -0.738867692053318,
            -0.7440135768055915,
            -0.7544162878394127,
            []
        ],
        "bce_loss": [
            2.6785614943504332,
            2.1667493081092832,
            1.7747373378276825,
            1.422068066596985,
            1.1176620480418205,
            0.8655144244432449,
            0.6688704389333725,
            0.5145788277685642,
            0.40808881118893625,
            0.32348572969436645,
            0.26045494511723516,
            0.20500454649329186,
            0.16064649179577828,
            0.13284369621425868,
            0.11480541471391917,
            0.10203298624604941,
            0.09535886952653527,
            0.0864355813153088,
            0.08188822025433183,
            0.07907200220972299,
            0.07462455119937658,
            0.0737514865398407,
            0.06936157433316112,
            0.06988095141947269,
            0.06910948358476161,
            0.06780982494354248,
            0.06304148057475686,
            0.06013420305214822,
            0.05945023538544774,
            0.05699270230717957,
            []
        ]
    },
    "valid": {
        "loss": [
            2.3657223999500276,
            1.9561721056699752,
            1.5791764944791793,
            1.2510684996843338,
            0.971758583188057,
            0.7471538573503494,
            0.5608847603201866,
            0.40697988867759705,
            0.2792174931615591,
            0.1294506773352623,
            0.0035464830696582796,
            -0.11585154980421067,
            -0.19957092106342317,
            -0.29336891137063503,
            -0.3248242776840925,
            -0.36734202280640604,
            -0.3906397607177496,
            -0.4017197474837303,
            -0.4206936977803707,
            -0.4336037620902061,
            -0.43544881977140903,
            -0.45233296379446986,
            -0.44149762615561483,
            -0.4509903393685818,
            -0.4454989593476057,
            -0.4602736718952656,
            -0.4566878892481327,
            -0.45986774042248724,
            -0.46591824293136597,
            -0.46022642627358434,
            []
        ],
        "dice_loss": [
            -0.010158157092519104,
            -0.010859146970324219,
            -0.011873690434731543,
            -0.012819469370879234,
            -0.014383679558522999,
            -0.017352878325618805,
            -0.03125686361454427,
            -0.06208217525854707,
            -0.09507943438366055,
            -0.17306523621082306,
            -0.24267960600554944,
            -0.31111735962331294,
            -0.36475506499409677,
            -0.43418623954057695,
            -0.45838300585746766,
            -0.487591177970171,
            -0.5052146784961223,
            -0.5116358004510403,
            -0.5293254286050797,
            -0.5407692521810532,
            -0.5416066713631154,
            -0.5553348012268543,
            -0.5473013959825039,
            -0.553747334331274,
            -0.5538990557193756,
            -0.560961340367794,
            -0.5612089574337006,
            -0.5643672667443752,
            -0.5682711213827133,
            -0.5659479752182961,
            []
        ],
        "bce_loss": [
            2.3758805632591247,
            1.967031255364418,
            1.5910501927137375,
            1.2638879656791686,
            0.9861422553658485,
            0.7645067378878594,
            0.5921416208148003,
            0.469062065333128,
            0.37429692670702935,
            0.30251591354608537,
            0.2462260890752077,
            0.1952658098191023,
            0.16518414355814456,
            0.14081732761114835,
            0.13355873078107833,
            0.12024915516376496,
            0.11457491666078568,
            0.1099160524085164,
            0.10863172970712184,
            0.10716548543423414,
            0.10615785103291273,
            0.1030018363147974,
            0.10580377224832774,
            0.1027569917961955,
            0.10840009599924087,
            0.10068766549229621,
            0.10452107116580009,
            0.10449952753260731,
            0.10235287547111512,
            0.10572154838591814,
            []
        ]
    }
}