{
    "train": [
        0.011180538412630692,
        0.022969334140519906,
        0.03266629863968482,
        0.04009607124286446,
        0.051069998863665776,
        0.053142963171183784,
        0.06814197963294139,
        0.09739393170502128,
        0.12027069450748692,
        0.1407541144177931,
        0.1770317428153754,
        0.21304397712383036,
        0.2444756981960413,
        0.24479083625119852,
        0.26875237226530185,
        0.2989808086621653,
        0.30203817468180405,
        0.31557049512907015,
        0.33726063013120644,
        0.34439597129865634,
        0.3477068734173392,
        0.3481112432484244,
        0.35504733085676177,
        0.36023871898694976,
        0.36287432624070826,
        0.3685691390190909,
        0.39488002896352514,
        0.40723693490071994,
        0.4147998893265317,
        0.417862055414442
    ],
    "valid": [
        0.02236242927767111,
        0.02554404272316982,
        0.03356931925631894,
        0.04540171869939879,
        0.049633689664449324,
        0.06139784396305356,
        0.0684002348184679,
        0.1084972459417649,
        0.121372660183251,
        0.1470435422663454,
        0.18616702775276803,
        0.2262002678958474,
        0.20051162567748904,
        0.2288511368310251,
        0.2666148507598958,
        0.2721036982540213,
        0.26393137022891383,
        0.2981186640266452,
        0.30579067468681675,
        0.3076054024700199,
        0.307632656097797,
        0.3052653574947391,
        0.30805877447166785,
        0.3073508834842716,
        0.31152696186714146,
        0.31541758105195905,
        0.3342013758424654,
        0.3373321104053392,
        0.33440262019671346,
        0.33628867055675243
    ]
}