{
    "train": {
        "loss": [
            2.891746973991394,
            2.465434651374817,
            2.2224367213249208,
            2.0000134229660036,
            1.7912003946304322,
            1.5859597051143646,
            1.3842877650260925,
            1.180291291475296,
            0.9833287537097931,
            0.8038838458061218,
            0.6402071672677994,
            0.48690655797719956,
            0.3384967166185379,
            0.21848183870315552,
            0.09152708694338799,
            -0.020162653028964996,
            -0.1048415558040142,
            -0.18417082637548446,
            -0.25934056892991064,
            -0.32246796384453774,
            -0.37240530133247374,
            -0.4071200408041477,
            -0.4476875975728035,
            -0.48257875084877017,
            -0.5084097814559937,
            -0.5367452067136764,
            -0.5669398400187492,
            -0.5868053930997849,
            -0.6091556712985039,
            -0.6253182420134544,
            []
        ],
        "dice_loss": [
            -0.01414297598414123,
            -0.01721659271977842,
            -0.019331842269748448,
            -0.022050767168402673,
            -0.025329043362289666,
            -0.03180648818612099,
            -0.04701758684590459,
            -0.07748281624168157,
            -0.10920885771512985,
            -0.13351074546575548,
            -0.15881596505641937,
            -0.18727703973650933,
            -0.2248164165019989,
            -0.25652135580778124,
            -0.30105490520596506,
            -0.3460629677772522,
            -0.38004985451698303,
            -0.41762396961450576,
            -0.4603113201260567,
            -0.49793809056282046,
            -0.5270169451832771,
            -0.546457190811634,
            -0.5721836763620377,
            -0.5945828372240066,
            -0.6114785987138748,
            -0.6311820310354233,
            -0.6542420971393585,
            -0.6695485877990722,
            -0.686757270693779,
            -0.6986068195104599,
            []
        ],
        "bce_loss": [
            2.9058899521827697,
            2.4826512432098387,
            2.241768567562103,
            2.022064185142517,
            1.8165294361114501,
            1.6177661943435668,
            1.4313053476810456,
            1.2577741050720215,
            1.0925376081466676,
            0.937394592165947,
            0.7990231341123581,
            0.6741835981607437,
            0.5633131349086762,
            0.47500319480895997,
            0.392581992149353,
            0.3259003147482872,
            0.2752082987129688,
            0.23345314383506774,
            0.2009707497060299,
            0.17547012656927108,
            0.15461164504289626,
            0.13933714911341666,
            0.12449607945978641,
            0.1120040861517191,
            0.10306881718337536,
            0.09443682402372361,
            0.08730225447565317,
            0.08274319373071194,
            0.07760160084813833,
            0.07328857976943254,
            []
        ]
    },
    "valid": {
        "loss": [
            2.5883713245391844,
            2.342244839668274,
            2.1102192044258117,
            1.8967916667461395,
            1.6877268850803375,
            1.4896549522876739,
            1.2961839079856872,
            1.0968471944332123,
            0.9145885348320008,
            0.7491119593381882,
            0.589159581065178,
            0.45257727801799774,
            0.36576557755470274,
            0.2201717995107174,
            0.11686243191361427,
            0.0245181180536747,
            -0.039002908021211626,
            -0.10980447605252266,
            -0.16898735910654067,
            -0.21577751114964486,
            -0.24172882959246636,
            -0.2727430358529091,
            -0.30374610126018525,
            -0.31580471992492676,
            -0.3401383601129055,
            -0.3522988140583038,
            -0.37223265916109083,
            -0.3785867512226105,
            -0.37685433924198153,
            -0.3927306294441223,
            []
        ],
        "dice_loss": [
            -0.015643711620941757,
            -0.015971282916143536,
            -0.017716468218713997,
            -0.020740531850606203,
            -0.02603890299797058,
            -0.034853032790124416,
            -0.049807359278202054,
            -0.07847270052880048,
            -0.10331522226333618,
            -0.12102005220949649,
            -0.1494991783052683,
            -0.16688826009631158,
            -0.1748183213174343,
            -0.22403171733021737,
            -0.25595108345150946,
            -0.2943277724087238,
            -0.3123237982392311,
            -0.3481650188565254,
            -0.37914045304059985,
            -0.4047873914241791,
            -0.41567608863115313,
            -0.43346133828163147,
            -0.4525513157248497,
            -0.45718096792697904,
            -0.4724600985646248,
            -0.48100340366363525,
            -0.49779429137706754,
            -0.5032087430357933,
            -0.4981748640537262,
            -0.5128832563757897,
            []
        ],
        "bce_loss": [
            2.604015064239502,
            2.358216106891632,
            2.1279356479644775,
            1.917532205581665,
            1.7137657880783081,
            1.524507999420166,
            1.3459912598133088,
            1.1753199100494385,
            1.0179037541151046,
            0.870132002234459,
            0.7386587560176849,
            0.6194655418395996,
            0.5405838996171951,
            0.44420351684093473,
            0.37281351536512375,
            0.31884589046239853,
            0.2733208902180195,
            0.23836054280400276,
            0.21015309393405915,
            0.1890098825097084,
            0.17394726052880288,
            0.16071829944849014,
            0.14880521297454835,
            0.1413762480020523,
            0.13232173807919026,
            0.1287045892328024,
            0.1255616344511509,
            0.12462198957800866,
            0.12132052406668663,
            0.12015262916684151,
            []
        ]
    }
}