{
    "train": [
        0.0026312466441011633,
        0.011367246648455287,
        0.04925320433154973,
        0.10290400437181585,
        0.14903473883279936,
        0.20147159516855226,
        0.23701371669813143,
        0.2586928284172629,
        0.2695605386029621,
        0.285216193795639,
        0.30035112604542347,
        0.3113592763994512,
        0.32225591796027886,
        0.33841717340095356,
        0.34852553387099006,
        0.36416124343914974,
        0.36305580361847123,
        0.3500948411230563,
        0.38259088987527234,
        0.395630455378395,
        0.4132925641447676,
        0.42081533683504885,
        0.4224411128465457,
        0.43323888186404647,
        0.43499536030033764,
        0.4311029034111851,
        0.4459590974454039,
        0.4593923587402491,
        0.460977665374908,
        0.46500780969897043
    ],
    "valid": [
        0.0012169132461393737,
        0.01905549883884402,
        0.061688180491736244,
        0.12545172810593763,
        0.16736257523569942,
        0.21905877530613285,
        0.24796353817024572,
        0.25445420622864107,
        0.2465734708033432,
        0.27470453649795845,
        0.29399308927393747,
        0.2915455609563668,
        0.3133664578438783,
        0.32470729097759926,
        0.33744879365003316,
        0.34133196160232127,
        0.33061773508822023,
        0.3498068398240715,
        0.3632582270578596,
        0.36285124347578895,
        0.3760017635210505,
        0.3682377868893644,
        0.3957597962024561,
        0.38274363189964417,
        0.39052933003778606,
        0.3955067046469384,
        0.3962876927703809,
        0.4053849391269222,
        0.408056218152875,
        0.41950846977555983
    ]
}