{
    "train": {
        "loss": [
            1.6677624440193177,
            0.34706987425684926,
            0.08687129616737366,
            -0.04827533088624478,
            -0.16244786411523818,
            -0.2593991114199162,
            -0.32966361224651336,
            -0.3815354137122631,
            -0.4087861558794975,
            -0.4355384248495102,
            -0.45970231413841245,
            -0.48168550252914427,
            -0.492854588329792,
            -0.5234499981999398,
            -0.5309670305252076,
            -0.550763997733593,
            -0.540939199924469,
            -0.5165871384739876,
            -0.5723739671707153,
            -0.594359603524208,
            -0.6095083430409431,
            -0.6186148995161056,
            -0.6113466092944145,
            -0.6235145911574363,
            -0.6207608899474144,
            -0.6184718763828277,
            -0.6374634027481079,
            -0.6549123078584671,
            -0.6477525836229324,
            -0.6559161818027497,
            []
        ],
        "dice_loss": [
            -0.01158169132657349,
            -0.04125988115556538,
            -0.1120536882430315,
            -0.20365520410239696,
            -0.29624104872345924,
            -0.3805919161438942,
            -0.4449206346273422,
            -0.48988499522209167,
            -0.5127619996666908,
            -0.5359574407339096,
            -0.5576339292526246,
            -0.5761631414294243,
            -0.5849900904297829,
            -0.6095930081605911,
            -0.6155902510881424,
            -0.6316443055868148,
            -0.6239351171255112,
            -0.6050064948201179,
            -0.6499671554565429,
            -0.6679536122083664,
            -0.6809382325410843,
            -0.6886878037452697,
            -0.6840541565418243,
            -0.6936556315422058,
            -0.6924015575647354,
            -0.6904929864406586,
            -0.7056839781999588,
            -0.7208177727460862,
            -0.7149625468254089,
            -0.7216545128822327,
            []
        ],
        "bce_loss": [
            1.6793441325426102,
            0.3883297549188137,
            0.19892498448491097,
            0.15537987321615218,
            0.1337931853532791,
            0.12119280405342579,
            0.1152570216357708,
            0.10834958203136921,
            0.1039758451282978,
            0.10041901640594006,
            0.0979316157847643,
            0.09447763599455357,
            0.092135502807796,
            0.08614300936460495,
            0.08462322060018777,
            0.08088030558079481,
            0.0829959161579609,
            0.08841935601085424,
            0.07759318944066763,
            0.07359401050955057,
            0.07142989091575146,
            0.07007290367037058,
            0.07270754557102918,
            0.0701410410925746,
            0.07164066467434167,
            0.07202110875397921,
            0.06822057642042637,
            0.0659054635092616,
            0.06720996309071779,
            0.06573832932859659,
            []
        ]
    },
    "valid": {
        "loss": [
            0.6884654015302658,
            0.18614409491419792,
            0.050286737829446794,
            -0.07908485010266304,
            -0.15282472521066665,
            -0.2233688361942768,
            -0.27626494094729426,
            -0.3014138340950012,
            -0.2964541129767895,
            -0.3434189915657043,
            -0.366435706615448,
            -0.35492321848869324,
            -0.40095292776823044,
            -0.41835847347974775,
            -0.42153097987174987,
            -0.41972099542617797,
            -0.3975559167563915,
            -0.4253437861800194,
            -0.4496647909283638,
            -0.4489244639873505,
            -0.4662143513560295,
            -0.43557412922382355,
            -0.4739214777946472,
            -0.47077925205230714,
            -0.46674871891736985,
            -0.4714549005031586,
            -0.4666987881064415,
            -0.48010884821414945,
            -0.4804938346147537,
            -0.49138483554124834,
            []
        ],
        "dice_loss": [
            -0.012288805702701211,
            -0.06984889172017575,
            -0.13726987838745117,
            -0.23517243713140487,
            -0.29690868258476255,
            -0.35791079998016356,
            -0.4055068850517273,
            -0.4257317766547203,
            -0.41965267062187195,
            -0.4637352928519249,
            -0.48230843245983124,
            -0.4742967993021011,
            -0.5110997512936593,
            -0.5249415412545204,
            -0.52620247900486,
            -0.5268157005310059,
            -0.513614647090435,
            -0.5298051744699478,
            -0.5498780146241188,
            -0.5496689602732658,
            -0.5641755729913711,
            -0.5432974472641945,
            -0.5718949615955353,
            -0.5677825406193733,
            -0.5675875142216682,
            -0.5725895762443542,
            -0.5707782134413719,
            -0.5807926774024963,
            -0.5762674123048782,
            -0.5893689841032028,
            []
        ],
        "bce_loss": [
            0.7007542073726654,
            0.2559929877519608,
            0.18755661621689795,
            0.15608758702874184,
            0.14408395774662494,
            0.13454196341335772,
            0.129241943359375,
            0.12431794181466102,
            0.12319855727255344,
            0.12031629905104638,
            0.11587272472679615,
            0.11937357783317566,
            0.11014682799577713,
            0.10658306926488877,
            0.10467149801552296,
            0.10709470398724079,
            0.11605872921645641,
            0.10446138605475426,
            0.10021322295069694,
            0.10074449516832829,
            0.09796121977269649,
            0.10772331729531288,
            0.09797348082065582,
            0.09700328782200814,
            0.10083879455924034,
            0.10113467387855053,
            0.10407942682504653,
            0.10068383291363717,
            0.09577357657253742,
            0.09798414967954158,
            []
        ]
    }
}