{
    "base_path": "../arcade/nnUnet_dataset/syntax",
    "in_c": 1,
    "base_channel": 32,
    "image_shape": [
        512,
        512
    ],
    "class_count": 26,
    "attention": true,
    "k": 40,
    "batch_size": 10,
    "num_workers": 10,
    "device": "cuda",
    "lr": 0.001,
    "momentum": 0.99,
    "weight_decay": 3e-05,
    "epcohs": 100,
    "f_int_scale": 2,
    "full_report_cycle": 10,
    "max_channels": 512,
    "input_channels": 1,
    "loss_type": "dice loss",
    "alpha": 0.75,
    "beta": 0.25,
    "gamma": 1.0,
    "f_gamma": 2.0,
    "f_loss_scale": 1,
    "loss_coefs": {
        "CE": 1.0,
        "Second": 1.0
    },
    "output_base_path": "./outputs",
    "name": "Attention7-DSV",
    "deep_super_vision": true,
    "f_alpha": [
        0.4192306623653949,
        0.7179025174767664,
        0.7172184312490237,
        0.7213506198648413,
        0.7718364322603585,
        0.6310175618202434,
        0.6310175618202434,
        0.7423200457906856,
        0.7659851796135413,
        0.8808365687040562,
        1.1472158488751967,
        1.4556618102528003,
        2.235638440011511,
        0.7578514761453713,
        1.1824730889495298,
        0.9906024194367986,
        0.7701509647332515,
        1.0385057663997224,
        1.238592452721393,
        1.3037247322439667,
        0.8402380298539683,
        1.2720560555504503,
        1.2438749107979519,
        1.3558847771047964,
        1.1742081741391486,
        0.9946054718189865
    ]
}