{
    "base_path": "../arcade/nnUnet_dataset/syntax",
    "in_c": 1,
    "base_channel": 32,
    "image_shape": [
        512,
        512
    ],
    "class_count": 26,
    "attention": true,
    "k": 40,
    "batch_size": 10,
    "num_workers": 10,
    "device": "cuda",
    "lr": 0.001,
    "momentum": 0.9,
    "epcohs": 100,
    "f_int_scale": 2,
    "full_report_cycle": 10,
    "max_channels": 512,
    "input_channels": 1,
    "loss_type": "dice loss",
    "alpha": 0.75,
    "beta": 0.25,
    "gamma": 1.0,
    "f_gamma": 2.0,
    "f_loss_scale": 50,
    "loss_coefs": {
        "CE": 1.0,
        "Second": 0.8
    },
    "output_base_path": "./outputs",
    "name": "Attention7-FCE",
    "f_alpha": [
        0.0008870272075320345,
        0.0018272794224805029,
        0.0017855542567209901,
        0.001832097744100769,
        0.002324696489294174,
        0.0019857966691056213,
        0.0015890806273191514,
        0.0017874564174750033,
        0.0020404505927717567,
        0.002362927144970101,
        0.007604678764322024,
        0.037612241786154514,
        0.25,
        0.0022278476130317072,
        0.006320529315964616,
        0.003101611028832203,
        0.0019710672656238063,
        0.004140142472913741,
        0.009486664448574133,
        0.013709434861375677,
        0.003221185047584198,
        0.01839372878350574,
        0.014407682866914885,
        0.02477697517412576,
        0.005846031486677772,
        0.006231954096724576
    ]
}