{
    "train": [
        0.0018237947503257602,
        0.00035441916691479505,
        0.00015230356404073963,
        0.00018827610090250795,
        3.421548194519245e-05,
        5.874595204782323e-06,
        6.352586581610964e-06,
        3.210158158201388e-06,
        0.0001655925899182461,
        0.007246127287371102,
        0.014059643000808888,
        0.021766827404943644,
        0.026554105282274424,
        0.045849325185847396,
        0.06050207811917274,
        0.08249028271653726,
        0.10432610097079457,
        0.13428864340342095,
        0.1778920105044413,
        0.2610975428113027,
        0.28067461013831796,
        0.2991354647281428,
        0.3115610106264596,
        0.3421924996380404,
        0.3556231510643561,
        0.35514133195668934,
        0.37901339627845454,
        0.3923833215241002,
        0.4016655588154363,
        0.41033009692807837
    ],
    "valid": [
        0.00037564673193177836,
        7.714500178607175e-05,
        5.74257117373291e-05,
        7.777472350671844e-05,
        3.5011130695763315e-06,
        4.968327538656886e-06,
        9.034498917793597e-07,
        3.1094530826014128e-06,
        0.0053388071064375976,
        0.006956797242584142,
        0.013843951048743286,
        0.02711067199748413,
        0.035747946501192014,
        0.04938176868552623,
        0.07283894944320662,
        0.08746803007129036,
        0.11712845382320808,
        0.15202903781126367,
        0.2043345920757096,
        0.2574614238742907,
        0.2780536007885058,
        0.28681190907993576,
        0.2934293326438793,
        0.3262134671215036,
        0.33110061645545746,
        0.34073057624664765,
        0.34731528520621036,
        0.3567718324068902,
        0.36621409058607796,
        0.3641052150730012
    ]
}