{
    "train": {
        "loss": [
            2.847179341316223,
            2.4894528555870057,
            2.279829452037811,
            2.0858670043945313,
            1.8921714067459106,
            1.7041728818416595,
            1.523504455089569,
            1.3528492081165313,
            1.1899287140369414,
            1.0262556344270706,
            0.879718866944313,
            0.7444603830575943,
            0.6272470360994339,
            0.5206712380051612,
            0.4157070896029472,
            0.32616069823503496,
            0.24314595595002175,
            0.14118832528591155,
            0.038338183611631396,
            -0.05783818274736405,
            -0.16931229934096337,
            -0.25972162634134294,
            -0.31250638619065285,
            -0.370772325694561,
            -0.42990157902240755,
            -0.44163166552782057,
            -0.49671853601932525,
            -0.5322471734881401,
            -0.5543225690722465,
            -0.580786544084549,
            []
        ],
        "dice_loss": [
            -0.010861273678019643,
            -0.010914059309288859,
            -0.011199688138440252,
            -0.011535448767244817,
            -0.011919666035100817,
            -0.01231231652200222,
            -0.01284851505421102,
            -0.013390903295949101,
            -0.014079636121168733,
            -0.015191836273297668,
            -0.02188877059146762,
            -0.03432016322389245,
            -0.04093121632933617,
            -0.055679591074585914,
            -0.08198737163096666,
            -0.1030521547049284,
            -0.13308448918163776,
            -0.18721126198768615,
            -0.246067366451025,
            -0.3099641786515713,
            -0.387031771838665,
            -0.44361274033784864,
            -0.4743606844544411,
            -0.5138483852148056,
            -0.556227614581585,
            -0.5616735336184502,
            -0.6034381046891213,
            -0.6299291861057281,
            -0.645292022228241,
            -0.6658851957321167,
            []
        ],
        "bce_loss": [
            2.8580406141281127,
            2.50036691904068,
            2.291029131412506,
            2.0974024415016173,
            1.9040910768508912,
            1.716485196352005,
            1.536352972984314,
            1.366240110397339,
            1.2040083503723145,
            1.0414474749565124,
            0.9016076368093491,
            0.7787805473804474,
            0.6681782513856888,
            0.5763508325815201,
            0.4976944628357887,
            0.4292128536105156,
            0.3762304443120956,
            0.3283995872735977,
            0.2844055500626564,
            0.25212599590420726,
            0.21771947294473648,
            0.18389111384749413,
            0.16185429751873015,
            0.14307605899870396,
            0.12632603481411933,
            0.12004186622798443,
            0.10671956852078437,
            0.09768201380968095,
            0.09096945248544216,
            0.08509865421801806,
            []
        ]
    },
    "valid": {
        "loss": [
            2.5977380752563475,
            2.3765414476394655,
            2.1807721495628356,
            1.9903568208217621,
            1.7979419112205506,
            1.6153666496276855,
            1.4407801032066345,
            1.2766490995883941,
            1.109965878725052,
            0.9577691465616226,
            0.8160292059183121,
            0.6907364547252655,
            0.5854740530252457,
            0.4799558654427528,
            0.3872735172510147,
            0.30580405443906783,
            0.22245735302567482,
            0.13517117649316787,
            0.04969315305352211,
            -0.0437359057366848,
            -0.14309903457760811,
            -0.18962988629937172,
            -0.23459525182843208,
            -0.288909487426281,
            -0.3227167628705502,
            -0.3400038093328476,
            -0.3693831980228424,
            -0.39990248531103134,
            -0.40755602717399597,
            -0.4146628946065903,
            []
        ],
        "dice_loss": [
            -0.010210363287478685,
            -0.010266948770731688,
            -0.010543237579986453,
            -0.010852785594761372,
            -0.011165422247722745,
            -0.011639554519206285,
            -0.011996025312691927,
            -0.012620728183537721,
            -0.013397044129669666,
            -0.01492699133232236,
            -0.027490291092544795,
            -0.03546884786337614,
            -0.03860131222754717,
            -0.06547937355935574,
            -0.08337576389312744,
            -0.10350078567862511,
            -0.13834893256425856,
            -0.18202351331710814,
            -0.22737965807318689,
            -0.29682688042521477,
            -0.35700668543577196,
            -0.37912426739931104,
            -0.40357152074575425,
            -0.4429156556725502,
            -0.4641511529684067,
            -0.4773068755865097,
            -0.49872870445251466,
            -0.5182571172714233,
            -0.5252465337514878,
            -0.5295141562819481,
            []
        ],
        "bce_loss": [
            2.607948434352875,
            2.3868084073066713,
            2.191315400600433,
            2.001209610700607,
            1.8091073334217072,
            1.627006208896637,
            1.4527761518955231,
            1.2892698287963866,
            1.123362910747528,
            0.9726961344480515,
            0.8435194939374924,
            0.7262053102254867,
            0.6240753710269928,
            0.5454352378845215,
            0.47064928263425826,
            0.40930483788251876,
            0.36080628633499146,
            0.31719468981027604,
            0.277072811126709,
            0.25309097468853,
            0.21390765011310578,
            0.18949438109993935,
            0.1689762704074383,
            0.1540061667561531,
            0.14143438786268234,
            0.13730306252837182,
            0.12934550680220128,
            0.11835463121533393,
            0.11769050545990467,
            0.11485125832259654,
            []
        ]
    }
}