{
    "train": [
        0.0036107821699993903,
        0.0013490710576179803,
        0.0028530641092624157,
        0.003291889099897828,
        0.0014113088363444865,
        0.0007912932205291581,
        0.0006317675784537863,
        0.0059895396528560985,
        0.011492121064952026,
        0.007927727061327095,
        0.008897557910971606,
        0.019404760098470645,
        0.04352384395467897,
        0.07958980223513486,
        0.13197055181455755,
        0.16761970759471187,
        0.21145689249762062,
        0.22897378745532676,
        0.2731426177165312,
        0.292015206814252,
        0.29908310100421864,
        0.3143729659919356,
        0.3345313429836844,
        0.3392298480608585,
        0.3505146972347488,
        0.3735630522113907,
        0.3865833913166673,
        0.3957659581823057,
        0.40296174068047286,
        0.4074740093205738
    ],
    "valid": [
        0.0005473126227002032,
        0.0007539081231806279,
        0.0030140297210504556,
        0.0027274410662870134,
        0.0015237647992856912,
        0.0014981530585925526,
        0.0015320228568205874,
        0.00748759785154049,
        0.008089472428373462,
        0.009158750333985475,
        0.008044338926374059,
        0.024687204567844803,
        0.06031986587087366,
        0.09716079263056907,
        0.1462212543158549,
        0.1785911948051336,
        0.21689396312266418,
        0.22880458429494244,
        0.26034953355828155,
        0.2724437832836234,
        0.2781510615352713,
        0.29788049697914465,
        0.3014921354538235,
        0.30835350581959114,
        0.3190207085182237,
        0.34168520384505063,
        0.3454289655647208,
        0.34904851679727117,
        0.34802969407327145,
        0.33789009137116044
    ]
}