{
    "train": {
        "loss": [
            2.670437455177307,
            2.2595835232734682,
            2.0228171384334566,
            1.8064769089221955,
            1.5986553168296813,
            1.403514575958252,
            1.2227666652202607,
            1.058026373386383,
            0.9098064005374908,
            0.7750655913352966,
            0.6573039948940277,
            0.5560347139835358,
            0.44967402815818786,
            0.34070282220840453,
            0.22977159351110457,
            0.11276097595691681,
            0.015961100906133653,
            -0.08225545614957809,
            -0.17614318877458573,
            -0.25293088018894194,
            -0.3063332924246788,
            -0.360444051027298,
            -0.40134713470935823,
            -0.4430579856038094,
            -0.4758253401517868,
            -0.5105522435903549,
            -0.5404240679740906,
            -0.5646899601817131,
            -0.5854783299565315,
            -0.6017876961827278,
            []
        ],
        "dice_loss": [
            -0.011263205762952566,
            -0.011230198172852398,
            -0.01138853038661182,
            -0.01175786079838872,
            -0.012195009710267187,
            -0.012734388802200555,
            -0.01341641878709197,
            -0.014408795414492487,
            -0.016880952818319202,
            -0.02375447755679488,
            -0.030752539299428464,
            -0.038655746839940545,
            -0.06786261614412069,
            -0.10864782363176345,
            -0.1554523751139641,
            -0.21442337810993195,
            -0.2632722221314907,
            -0.3217462657392025,
            -0.38387122422456743,
            -0.4343586775660515,
            -0.46621829718351365,
            -0.5016306933760643,
            -0.5313168063759803,
            -0.5623483714461327,
            -0.584900141954422,
            -0.6112236350774765,
            -0.6334686779975891,
            -0.6520650523900986,
            -0.6677178812026977,
            -0.6803910380601883,
            []
        ],
        "bce_loss": [
            2.681700654029846,
            2.270813708305359,
            2.034205664396286,
            1.8182347667217256,
            1.6108503329753876,
            1.4162489593029022,
            1.2361830878257751,
            1.0724351733922959,
            0.926687353849411,
            0.7988200694322586,
            0.6880565339326858,
            0.5946904623508453,
            0.5175366452336312,
            0.44935064494609833,
            0.3852239683270454,
            0.32718435406684876,
            0.2792333230376244,
            0.2394908095896244,
            0.2077280353009701,
            0.18142779797315597,
            0.15988500520586968,
            0.14118664346635343,
            0.12996967062354087,
            0.11929038427770138,
            0.10907480269670486,
            0.10067139148712158,
            0.09304461061954498,
            0.08737509209662676,
            0.08223955236375331,
            0.07860334157943726,
            []
        ]
    },
    "valid": {
        "loss": [
            2.390560305118561,
            2.1352994441986084,
            1.9138391494750977,
            1.7015662968158722,
            1.5012383699417113,
            1.3134428262710571,
            1.141903007030487,
            0.9873119562864303,
            0.8499133199453354,
            0.7215819537639618,
            0.6160262882709503,
            0.5135811775922775,
            0.40791348963975904,
            0.3156557843089104,
            0.19164716303348542,
            0.1082640491425991,
            0.019781994819641113,
            -0.048851562291383745,
            -0.12021195963025093,
            -0.18143307492136956,
            -0.22390753403306007,
            -0.2560675345361233,
            -0.2803985312581062,
            -0.3145383335649967,
            -0.3319754213094711,
            -0.36550035923719404,
            -0.37670737951993943,
            -0.3914920836687088,
            -0.3913269072771072,
            -0.3883182018995285,
            []
        ],
        "dice_loss": [
            -0.010403834050521255,
            -0.010418233880773186,
            -0.01075472952798009,
            -0.011155773187056184,
            -0.011671407939866185,
            -0.012205680087208747,
            -0.012900296272709966,
            -0.014141371892765164,
            -0.018488971516489983,
            -0.02457106439396739,
            -0.029702381696552038,
            -0.04955583829432726,
            -0.08102639727294444,
            -0.11344365999102593,
            -0.16852599680423735,
            -0.20460743680596352,
            -0.2515618413686752,
            -0.28962088376283646,
            -0.33569926470518113,
            -0.371528659760952,
            -0.3963706225156784,
            -0.4134088233113289,
            -0.4337389439344406,
            -0.455889892578125,
            -0.4693153128027916,
            -0.4939473241567612,
            -0.5021531641483307,
            -0.5123972162604332,
            -0.5127941653132438,
            -0.5111091569066047,
            []
        ],
        "bce_loss": [
            2.4009641647338866,
            2.145717668533325,
            1.9245938777923584,
            1.712722074985504,
            1.5129097700119019,
            1.3256484985351562,
            1.1548032999038695,
            1.0014533281326294,
            0.8684022843837738,
            0.7461530178785324,
            0.6457286655902863,
            0.5631370157003402,
            0.4889398872852325,
            0.42909944504499437,
            0.3601731598377228,
            0.3128714859485626,
            0.27134383618831637,
            0.24076932147145272,
            0.2154873050749302,
            0.19009558409452437,
            0.17246308773756028,
            0.1573412872850895,
            0.15334041193127632,
            0.14135155864059926,
            0.13733988888561727,
            0.12844696454703808,
            0.1254457850009203,
            0.12090513557195663,
            0.12146725915372372,
            0.1227909542620182,
            []
        ]
    }
}