{
    "train": {
        "dice": [
            0.0070050157686059825,
            0.01731199971553417,
            0.04749988341617065,
            0.11064014524265374,
            0.16796395361467334,
            0.20662964400493256,
            0.227452624364957,
            0.24683215020034846,
            0.26653200415937645,
            0.2745313280825159,
            0.2894476523999712,
            0.29901173643344753,
            0.30447914156057465,
            0.31998809666181666,
            0.3351101860408221
        ],
        "precision": [
            0.013035502580169122,
            0.023928135521709918,
            0.06633096795529127,
            0.1312620049715042,
            0.18389764189720154,
            0.27251203298568727,
            0.2392350545525551,
            0.27538448572158813,
            0.2694660624861717,
            0.27625291138887403,
            0.2873728108406067,
            0.31346632026135923,
            0.30656119644641877,
            0.3345299533009529,
            0.3408938789367676
        ],
        "recall": [
            0.018871921501340694,
            0.020158966937542572,
            0.04969043780969514,
            0.11853939466178418,
            0.16813916891813277,
            0.21337847932714793,
            0.2323161548259668,
            0.2515784491796512,
            0.2702881725784391,
            0.2768242537975311,
            0.2929811865091324,
            0.30363108243851455,
            0.3098688689857954,
            0.32657947012106886,
            0.3388914718478918
        ]
    },
    "valid": {
        "dice": [
            0.013412154141508242,
            0.010025970675461016,
            0.07422272421459276,
            0.1475978208594712,
            0.19182982683220653,
            0.21442600205579063,
            0.26065348697739044,
            0.2484768029119741,
            0.25835905672552556,
            0.28609140127933147,
            0.3034078481796992,
            0.307109702825905,
            0.3123411623345328,
            0.3113660210374304,
            0.34959782093795105
        ],
        "precision": [
            0.022792013250291347,
            0.030295619666576387,
            0.0881012463569641,
            0.17591888964176178,
            0.1943251931667328,
            0.22990136981010437,
            0.2776575777726248,
            0.26703393638134004,
            0.27759653113782407,
            0.2913046771287918,
            0.31387019336223604,
            0.31120223343372344,
            0.3824204435944557,
            0.34005788177251817,
            0.3602853000164032
        ],
        "recall": [
            0.010627718521282076,
            0.015238783499225974,
            0.07855838369578123,
            0.1388412996198167,
            0.19475919246673584,
            0.21453677710145713,
            0.250800272628112,
            0.2476860694307834,
            0.2603634406905621,
            0.29420031145215036,
            0.3020760238170624,
            0.3098597154021263,
            0.31110912331263535,
            0.32004586011171343,
            0.35184671387076377
        ]
    }
}