{
    "train": {
        "total loss": [
            2.7814456355571746,
            0.602640486061573,
            0.26005051366984844,
            0.11165815229760483,
            0.0014315518853254617,
            -0.0925292204041034,
            -0.16101544685661792,
            -0.1991940471343696,
            -0.2382255370169878,
            -0.26084270037710666,
            -0.28739820726215837,
            -0.31271489363163707,
            -0.323281491138041,
            -0.3592031878232956,
            -0.37970854334533216,
            []
        ],
        "CE loss": [
            2.789159562587738,
            0.6317498096823693,
            0.3402519935369492,
            0.27887041732668877,
            0.2525459015369415,
            0.23138619974255561,
            0.21681081041693687,
            0.21261668354272842,
            0.20395472407341003,
            0.1990886151790619,
            0.19375540375709532,
            0.19044122010469436,
            0.18829128965735437,
            0.18010228879749776,
            0.17744092874228953,
            []
        ],
        "dice loss": [
            -0.007713890701998025,
            -0.029109323425218464,
            -0.08020147919654846,
            -0.16721226498484612,
            -0.25111435279250144,
            -0.32391541987657546,
            -0.37782625526189806,
            -0.4118107330799103,
            -0.44218026399612426,
            -0.45993131458759307,
            -0.4811536142230034,
            -0.5031561195850373,
            -0.5115727746486664,
            -0.5393054822087288,
            -0.5571494674682618,
            []
        ]
    },
    "valid": {
        "total loss": [
            0.8749829947948455,
            0.23618502244353295,
            0.13494885452091693,
            0.04856065027415753,
            -0.006064889952540398,
            -0.051267367973923686,
            -0.09667046330869197,
            -0.0870308518409729,
            -0.10923623852431774,
            -0.13747751712799072,
            -0.1620437577366829,
            -0.16837006397545337,
            -0.18041382543742657,
            -0.17775950245559216,
            -0.21053340658545494,
            []
        ],
        "CE loss": [
            0.8797550439834595,
            0.2525522828102112,
            0.18316391110420227,
            0.14885077625513077,
            0.1367736391723156,
            0.1269531100988388,
            0.11737232320010663,
            0.12519937194883823,
            0.11818494573235512,
            0.1105483289808035,
            0.10540089309215546,
            0.10250292718410492,
            0.09940308816730976,
            0.10377100855112076,
            0.09472409747540951,
            []
        ],
        "dice loss": [
            -0.004772061645053327,
            -0.016367259761318566,
            -0.04821505770087242,
            -0.10029012598097324,
            -0.142838529124856,
            -0.17822047807276248,
            -0.21404278725385667,
            -0.21223022378981113,
            -0.22742118462920188,
            -0.24802584648132325,
            -0.26744465082883834,
            -0.2708729915320873,
            -0.2798169136047363,
            -0.2815305083990097,
            -0.30525750294327736,
            []
        ]
    }
}