{
    "train": [
        0.0008405553327053067,
        1.1656822576207058e-07,
        0.013657941353018198,
        0.06402755963660219,
        0.10783139437830291,
        0.15271573245569348,
        0.17720330634896506,
        0.1933753373105731,
        0.2104562002424803,
        0.21008741211451618,
        0.2256837435474111,
        0.2330879043239068,
        0.23992390405429917,
        0.24614694997711495,
        0.25271283850117043,
        0.2613651654128566,
        0.2635922130946668,
        0.2708456689123662,
        0.27586198641728676,
        0.27665077383206255,
        0.2911175223944638,
        0.29368695484224466,
        0.30042146289062743,
        0.3071624780409556,
        0.31053242888050675,
        0.3165942500535684,
        0.32598141350844856,
        0.3297468294021003,
        0.3273446809713262,
        0.3317130122337782
    ],
    "valid": [
        4.093689506845001e-13,
        4.217896415166858e-13,
        0.028324135039409604,
        0.08760199517051846,
        0.11844060472251718,
        0.1745716536048972,
        0.18808008930683942,
        0.19846088156142147,
        0.22191520512142093,
        0.21916839718856726,
        0.2350524816572596,
        0.24158228903113507,
        0.25103050991928777,
        0.2317480782981833,
        0.25968706440216505,
        0.2542265017334243,
        0.267980622053506,
        0.2788018904629966,
        0.2643234343224596,
        0.29153940799212263,
        0.29338270680078293,
        0.3002828448268863,
        0.2997030359200989,
        0.3061384713279821,
        0.3131998133987926,
        0.31937697082786776,
        0.3203127890082814,
        0.3229107772561528,
        0.3303702234479405,
        0.3245255824367321
    ]
}