{
    "train": {
        "loss": [
            1.6100034523010254,
            0.35495290890336034,
            0.15258198879659177,
            0.030887312442064285,
            -0.07876356348395347,
            -0.1581542841345072,
            -0.21236228749155997,
            -0.24541738376021385,
            -0.27446165442466736,
            -0.27463876858353614,
            -0.3140926292538643,
            -0.33024097099900246,
            -0.3423614813387394,
            -0.35035261377692223,
            -0.35750068187713624,
            -0.3731775699555874,
            -0.37245107457041743,
            -0.3822999942302704,
            -0.3945410792529583,
            -0.3962261801958084,
            -0.41283913016319274,
            -0.411785834133625,
            -0.4208283919095993,
            -0.43537908405065534,
            -0.4354686412215233,
            -0.44159946143627166,
            -0.4520113694667816,
            -0.4553325992822647,
            -0.4547619736194611,
            -0.45962348222732546,
            []
        ],
        "dice_loss": [
            -0.011350453281775117,
            -0.02109417096711695,
            -0.051998771540820596,
            -0.13787521049380302,
            -0.2296178251504898,
            -0.2965045063197613,
            -0.34372126385569574,
            -0.3736894130706787,
            -0.3976098117232323,
            -0.3998809359967709,
            -0.4321655616164207,
            -0.4460386747121811,
            -0.4555378279089928,
            -0.462894501388073,
            -0.4687533047795296,
            -0.4817496201395988,
            -0.48073359340429306,
            -0.4894409614801407,
            -0.5004133376479148,
            -0.501108270585537,
            -0.5147613301873207,
            -0.514208502471447,
            -0.5211388972401619,
            -0.5340852358937264,
            -0.5338575240969657,
            -0.5398353344202041,
            -0.5479663002490998,
            -0.5509562501311303,
            -0.5504030784964562,
            -0.5550135195255279,
            []
        ],
        "bce_loss": [
            1.6213539081811905,
            0.3760470801591873,
            0.20458076030015945,
            0.1687625229358673,
            0.1508542615175247,
            0.1383502224087715,
            0.1313589758425951,
            0.12827202923595904,
            0.12314815796911717,
            0.12524216823279857,
            0.11807293325662613,
            0.11579770371317863,
            0.11317634537816047,
            0.11254188805818557,
            0.11125262156128883,
            0.10857205078005791,
            0.1082825192809105,
            0.10714096739888192,
            0.10587225750088691,
            0.1048820922523737,
            0.1019221994280815,
            0.1024226701259613,
            0.1003105043247342,
            0.09870615176856518,
            0.09838888294994831,
            0.09823587618768215,
            0.09595493111759425,
            0.09562365122139455,
            0.09564110450446606,
            0.09539003733545542,
            []
        ]
    },
    "valid": {
        "loss": [
            0.6562620133161545,
            0.22393758967518806,
            0.10669918283820153,
            -0.018729127198457717,
            -0.08544971495866775,
            -0.15720262378454208,
            -0.19122444167733194,
            -0.21004905700683593,
            -0.23904064074158668,
            -0.23668045550584793,
            -0.2681436978280544,
            -0.2839921429753304,
            -0.2985702000558376,
            -0.2617372177541256,
            -0.31552971079945563,
            -0.304623456299305,
            -0.3183768689632416,
            -0.3352850630879402,
            -0.30323401764035224,
            -0.3525524452328682,
            -0.3530580051243305,
            -0.3640222534537315,
            -0.36747182309627535,
            -0.36572263538837435,
            -0.3702615350484848,
            -0.37873860001564025,
            -0.3737753704190254,
            -0.3816524803638458,
            -0.3886156365275383,
            -0.3783992439508438,
            []
        ],
        "dice_loss": [
            -0.011827009916305541,
            -0.027730171382427216,
            -0.08681056872010232,
            -0.18648238927125932,
            -0.2454930476844311,
            -0.30116351172327993,
            -0.3316107541322708,
            -0.3498665690422058,
            -0.37353835701942445,
            -0.3719972833991051,
            -0.40082715451717377,
            -0.4071526065468788,
            -0.424561882019043,
            -0.39971187710762024,
            -0.43577285706996916,
            -0.4283752292394638,
            -0.44177690148353577,
            -0.4541199505329132,
            -0.4279430016875267,
            -0.4662246391177177,
            -0.46660236865282056,
            -0.4749449446797371,
            -0.47629357427358626,
            -0.4749828115105629,
            -0.478866221010685,
            -0.48668292760848997,
            -0.4815340772271156,
            -0.48858005106449126,
            -0.4944930449128151,
            -0.49031958878040316,
            []
        ],
        "bce_loss": [
            0.6680890262126923,
            0.25166775956749915,
            0.19350975155830383,
            0.16775326207280158,
            0.16004333272576332,
            0.14396088793873787,
            0.1403863128274679,
            0.13981751017272473,
            0.13449771590530873,
            0.1353168275207281,
            0.13268345594406128,
            0.12316046766936779,
            0.1259916815906763,
            0.13797465860843658,
            0.1202431458979845,
            0.12375177443027496,
            0.12340003289282322,
            0.11883488893508912,
            0.12470898553729057,
            0.11367219425737858,
            0.11354436427354812,
            0.11092269122600555,
            0.10882174968719482,
            0.1092601738870144,
            0.10860468223690986,
            0.10794432647526264,
            0.10775870718061924,
            0.10692757368087769,
            0.10587740801274777,
            0.11192034631967544,
            []
        ]
    }
}