{
    "train": {
        "dice": [
            0.0004659278591146352,
            0.0007152732466130039,
            0.006823935211147677,
            0.005070741437819747,
            0.004811044037786919,
            0.00500481367155689,
            0.0055955070219792305,
            0.005267172186148348,
            0.00709286212965565,
            0.009740836322751821,
            0.013015946150270286,
            0.01632145226046164,
            0.01773093581244068,
            0.017236631513085774,
            0.018485192656961306,
            0.017956671119180468,
            0.017967509627786437,
            0.018084083199945297,
            0.017946485281434815,
            0.017963096499887275,
            0.01844116449400533,
            0.01734739720865801,
            0.017812369466272168,
            0.018168586492982676,
            0.018401390314546445,
            0.017937718034237916,
            0.017827258706537077,
            0.01822446405932023,
            0.01876204848333912,
            0.019280142188516435
        ],
        "precision": [
            0.0010821598899929087,
            0.005529331266880036,
            0.017958469688892365,
            0.016040682792663574,
            0.003187664747238159,
            0.003200629651546478,
            0.005385105758905411,
            0.007919775247573852,
            0.016468386352062225,
            0.016374507248401643,
            0.013288495540618896,
            0.012865701913833618,
            0.012792835235595703,
            0.011732746958732604,
            0.012516917884349823,
            0.011933587491512299,
            0.011906651556491852,
            0.01201058566570282,
            0.011959933042526245,
            0.01191740095615387,
            0.01225092887878418,
            0.01154056966304779,
            0.011854629516601562,
            0.01204619288444519,
            0.012247668504714966,
            0.01207745611667633,
            0.011987745761871338,
            0.012343514561653137,
            0.01269980788230896,
            0.012895145416259766
        ],
        "recall": [
            0.0035111732033419685,
            0.0003848322853446007,
            0.004756535403430462,
            0.008241864861920476,
            0.009803835153579712,
            0.011470949649810791,
            0.014262078707488399,
            0.013511702725663781,
            0.016593348681926728,
            0.018435379713773726,
            0.020494412779808045,
            0.026988219022750854,
            0.030940728187561037,
            0.032602185010910036,
            0.03533311009407043,
            0.03653524160385132,
            0.037275863885879515,
            0.038822952508926395,
            0.03878420233726501,
            0.03952932357788086,
            0.04110980629920959,
            0.040208448767662046,
            0.04134972810745239,
            0.04195032358169556,
            0.04215243935585022,
            0.042162171602249145,
            0.04246907889842987,
            0.04279501020908356,
            0.043204402327537535,
            0.043920559883117674
        ]
    },
    "valid": {
        "dice": [
            4.2089329715727303e-13,
            0.0018686382104128112,
            0.00569530423772164,
            0.004112851918162318,
            0.006162657738150569,
            0.004673438370646449,
            0.004583919942797632,
            0.006162118976187408,
            0.007990040034471527,
            0.01295674264472581,
            0.014835205078540812,
            0.015726727843700418,
            0.016906920075832377,
            0.015168752670703898,
            0.01765965461772538,
            0.016910314560352337,
            0.018225000501094827,
            0.01663403391879655,
            0.016148648858486186,
            0.015741196275173196,
            0.015464415550647745,
            0.015403125882564555,
            0.014906497598110208,
            0.015493556261478435,
            0.014649311900554667,
            0.014913373589931498,
            0.014616041481910716,
            0.017591990828929913,
            0.01704095542472459,
            0.015774917602954873
        ],
        "precision": [
            0.0,
            0.0036854659020900725,
            0.009367024600505829,
            0.003027404248714447,
            0.004048683643341064,
            0.003015430271625519,
            0.0028877291083335877,
            0.004687548950314522,
            0.011084345877170563,
            0.01500413566827774,
            0.01273427426815033,
            0.01156891256570816,
            0.012676376700401306,
            0.010219032764434815,
            0.012183946967124938,
            0.011477687954902649,
            0.012639844715595245,
            0.011429059505462646,
            0.010998056530952453,
            0.010548252761363983,
            0.010408422648906708,
            0.010380091965198518,
            0.00988447606563568,
            0.010313035249710082,
            0.009933607280254364,
            0.010084005296230316,
            0.009938042163848877,
            0.012134909629821777,
            0.011454521715641021,
            0.010474746227264404
        ],
        "recall": [
            0.0,
            0.0012524155527353286,
            0.00762527396902442,
            0.006411710381507873,
            0.0128963303565979,
            0.010381757020950318,
            0.011109267473220824,
            0.015863860964309424,
            0.01753617115318775,
            0.021423875987529754,
            0.02383568823337555,
            0.02728933811187744,
            0.027090851068496704,
            0.029500855207443236,
            0.03212132096290588,
            0.03238526821136475,
            0.03292424201965332,
            0.034186585545539855,
            0.035060573220252994,
            0.034422460794448856,
            0.03584996402263641,
            0.03615278780460358,
            0.0361070305109024,
            0.03616427898406983,
            0.03494308769702911,
            0.036938422918319704,
            0.036244311928749086,
            0.03962332367897034,
            0.039360539317131044,
            0.038145403265953066
        ]
    }
}