{
    "train": {
        "total loss": [
            0.45771490037441254,
            0.17692288376390933,
            0.1439627855271101,
            0.1284421706199646,
            0.12017248906195163,
            0.11477849699556827,
            0.11094031974673271,
            0.1079329627007246,
            0.10502636402845383,
            0.10299057327210903,
            0.10146095782518387,
            0.09954018671065569,
            0.09824297640472651,
            0.09679909750819206,
            0.09602133311331272,
            0.09508082747459412,
            0.09374110095202923,
            0.09250148147344589,
            0.09244811221957207,
            0.09157089345157146,
            0.0900595786422491,
            0.08875090599060059,
            0.0873258551582694,
            0.08733467109501362,
            0.08632828932255507,
            0.08542246133089065,
            0.08353776019066572,
            0.08268529504537582,
            0.0824568472802639,
            0.08081769481301308,
            []
        ],
        "CE loss": [
            0.46285122945904733,
            0.185868351906538,
            0.1596524913609028,
            0.14765222892165183,
            0.1414382215589285,
            0.13723558522760868,
            0.1345430701971054,
            0.13219096153974533,
            0.1299126237630844,
            0.12848183378577233,
            0.1274649477750063,
            0.1258730598539114,
            0.12508680246770382,
            0.12402280181646347,
            0.12355746701359749,
            0.12278001025319099,
            0.12157827526330948,
            0.12115634389221669,
            0.12095538660883903,
            0.12016738846898078,
            0.11897599555552006,
            0.11813336215913296,
            0.117341498285532,
            0.1175517401099205,
            0.11675729662179947,
            0.11622608497738839,
            0.11524088248610496,
            0.11479457013309002,
            0.11506644085049629,
            0.11434015728533269,
            []
        ],
        "dice loss": [
            -0.005136328630032949,
            -0.008945468142628669,
            -0.015689705815166235,
            -0.019210058767348527,
            -0.021265732031315564,
            -0.02245708828791976,
            -0.02360275009647012,
            -0.024257999062538147,
            -0.024886259995400905,
            -0.025491261035203935,
            -0.02600398987531662,
            -0.02633287314325571,
            -0.026843825727701186,
            -0.02722370460629463,
            -0.02753613382577896,
            -0.02769918279722333,
            -0.02783717440441251,
            -0.028654862344264984,
            -0.028507274352014066,
            -0.028596495334059,
            -0.02891641667112708,
            -0.02938245616853237,
            -0.030015642866492272,
            -0.030217069145292045,
            -0.030429006814956666,
            -0.030803623702377082,
            -0.03170312272384763,
            -0.03210927488282323,
            -0.0326095936447382,
            -0.033522462379187344,
            []
        ]
    },
    "valid": {
        "total loss": [
            0.20942773744463922,
            0.16787198781967164,
            0.14585332646965982,
            0.13840652555227279,
            0.13060550354421138,
            0.1260959193110466,
            0.12675399370491505,
            0.12359802387654781,
            0.12301950342953205,
            0.12120794616639614,
            0.12014955468475819,
            0.11965313218533993,
            0.11976760737597943,
            0.12079582326114177,
            0.11902378909289837,
            0.11718551144003868,
            0.11636439114809036,
            0.11656754985451698,
            0.11578268632292747,
            0.11688956692814827,
            0.11654425077140332,
            0.11687211655080318,
            0.11614020802080631,
            0.11735307462513447,
            0.11850089989602566,
            0.11469976343214512,
            0.11736193522810937,
            0.11620412431657315,
            0.11372278220951557,
            0.1139614935964346,
            []
        ],
        "CE loss": [
            0.2158554144203663,
            0.18208195269107819,
            0.16458033323287963,
            0.15879617482423783,
            0.1530231811106205,
            0.1494125321507454,
            0.15082766935229303,
            0.14825173020362853,
            0.14831243082880974,
            0.14679763540625573,
            0.14593263231217862,
            0.14584830328822135,
            0.14571283757686615,
            0.1475241955369711,
            0.1456818599253893,
            0.14414361752569677,
            0.14318796955049037,
            0.1439833238720894,
            0.14312022291123866,
            0.14481888897717,
            0.14470833502709865,
            0.14525353759527207,
            0.14458357244729997,
            0.1460254181176424,
            0.14722967147827148,
            0.1441920194774866,
            0.14709223583340644,
            0.14632291980087758,
            0.14419835731387137,
            0.14538505785167216,
            []
        ],
        "dice loss": [
            -0.00642767702229321,
            -0.014209964731708168,
            -0.018727006716653706,
            -0.020389647874981164,
            -0.022417676635086536,
            -0.023316612001508474,
            -0.02407367480918765,
            -0.02465370586141944,
            -0.025292928144335747,
            -0.025589690078049898,
            -0.025783077534288167,
            -0.026195171289145947,
            -0.025945230107754468,
            -0.026728371158242226,
            -0.026658071018755437,
            -0.0269581058062613,
            -0.026823578309267758,
            -0.02741577448323369,
            -0.027337537333369254,
            -0.027929321210831404,
            -0.028164083138108253,
            -0.028381420858204366,
            -0.028443365637212992,
            -0.02867234330624342,
            -0.02872877111658454,
            -0.029492255300283432,
            -0.029730300791561602,
            -0.030118795577436686,
            -0.030475574638694526,
            -0.03142356341704726,
            []
        ]
    }
}